Backend_Time,ESP_Time,experimentName,comment,programStatus,airPumpStatus,drainPumpStatus,nutrientPumpStatus,basePumpStatus,stirringMotorStatus,heatingPlateStatus,ledGrowLightStatus,waterTemp,airTemp,ph,turbidity,oxygen,airFlow
2024-06-07 08:54:48,06:54:48,None,,,0,0,0,0,0,0,0,23.7,-1000.0,12.21,4.38,0.0,0.0
2024-06-07 08:54:49,06:54:48,None,,,0,0,0,0,0,0,0,23.74,-1000.0,11.32,4.38,105.0,-1.0
2024-06-07 08:54:49,06:54:48,None,,,0,0,0,0,0,0,0,23.7,-1000.0,11.38,4.38,0.0,-1.0
2024-06-07 08:54:49,06:54:49,None,,,0,0,0,0,0,0,0,23.77,-1000.0,12.15,4.38,0.0,-1.0
2024-06-07 08:54:49,06:54:49,None,,,0,0,0,0,0,0,0,23.74,-1000.0,10.97,4.38,0.0,-1.0
2024-06-07 08:54:49,06:54:49,None,,,0,0,0,0,0,0,0,23.7,-1000.0,11.77,4.38,0.0,0.0
2024-06-07 08:54:50,06:54:49,None,,,0,0,0,0,0,0,0,23.77,-1000.0,11.88,4.38,0.0,-1.0
2024-06-07 08:54:50,06:54:49,None,,,0,0,0,0,0,0,0,23.77,-1000.0,10.97,4.38,0.0,-1.0
2024-06-07 08:54:50,06:54:50,None,,,0,0,0,0,0,0,0,23.74,-1000.0,12.12,4.38,0.0,-1.0
2024-06-07 08:54:50,06:54:50,None,,,0,0,0,0,0,0,0,23.77,-1000.0,11.43,4.38,0.0,-1.0
2024-06-07 08:54:50,06:54:50,None,,,0,0,0,0,0,0,0,23.74,-1000.0,11.21,4.38,0.0,0.0
2024-06-07 08:54:51,06:54:50,None,,,0,0,0,0,0,0,0,23.74,-1000.0,12.23,4.38,0.0,-1.0
2024-06-07 08:54:51,06:54:51,None,,,0,0,0,0,0,0,0,23.7,-1000.0,11.1,4.38,0.0,-1.0
2024-06-07 08:54:51,06:54:51,None,,,0,0,0,0,0,0,0,23.77,-1000.0,11.54,4.38,0.0,-1.0
2024-06-07 08:54:51,06:54:51,None,,,0,0,0,0,0,0,0,23.74,-1000.0,12.07,4.38,0.0,-1.0
2024-06-07 08:54:51,06:54:51,None,,,0,0,0,0,0,0,0,23.74,-1000.0,10.94,4.38,0.0,0.0
2024-06-07 08:54:52,06:54:51,None,,,0,0,0,0,0,0,0,23.74,-1000.0,11.93,4.39,0.0,-1.0
2024-06-07 08:54:52,06:54:52,None,,,0,0,0,0,0,0,0,23.74,-1000.0,11.74,4.38,0.0,-1.0
2024-06-07 08:54:52,06:54:52,None,,,0,0,0,0,0,0,0,23.77,-1000.0,10.99,4.38,0.0,-1.0
2024-06-07 08:54:52,06:54:52,None,,,0,0,0,0,0,0,0,23.74,-1000.0,12.21,4.38,0.0,-1.0
2024-06-07 08:54:52,06:54:52,None,,,0,0,0,0,0,0,0,23.74,-1000.0,11.32,4.39,0.0,0.0
2024-06-07 08:54:53,06:54:52,None,,,0,0,0,0,0,0,0,23.77,-1000.0,11.3,4.38,0.0,-1.0
2024-06-07 08:54:53,06:54:53,None,,,0,0,0,0,0,0,0,23.74,-1000.0,12.21,4.38,0.0,-1.0
2024-06-07 08:54:53,06:54:53,None,,,0,0,0,0,0,0,0,23.81,-1000.0,11.02,4.38,0.0,-1.0
2024-06-07 08:54:53,06:54:53,None,,,0,0,0,0,0,0,0,23.81,-1000.0,11.71,4.39,0.0,-1.0
2024-06-07 08:54:53,06:54:53,None,,,0,0,0,0,0,0,0,23.77,-1000.0,11.93,4.38,0.0,0.0
2024-06-07 08:54:54,06:54:53,None,,,0,0,0,0,0,0,0,23.81,-1000.0,10.94,4.38,0.0,-1.0
2024-06-07 08:54:54,06:54:54,None,,,0,0,0,0,0,0,0,23.74,-1000.0,12.01,4.38,0.0,-1.0
2024-06-07 08:54:54,06:54:54,None,,,0,0,0,0,0,0,0,23.77,-1000.0,11.57,4.38,0.0,-1.0
2024-06-07 08:54:54,06:54:54,None,,,0,0,0,0,0,0,0,23.77,-1000.0,11.1,4.38,0.0,-1.0
2024-06-07 08:54:55,06:54:54,None,,,0,0,0,0,0,0,0,23.7,-1000.0,12.23,4.38,0.0,0.0
2024-06-07 08:54:55,06:54:54,None,,,0,0,0,0,0,0,0,23.77,-1000.0,11.24,4.38,0.0,-1.0
2024-06-07 08:54:55,06:54:55,None,,,0,0,0,0,0,0,0,23.77,-1000.0,11.46,4.38,0.0,-1.0
2024-06-07 08:54:55,06:54:55,None,,,0,0,0,0,0,0,0,23.74,-1000.0,12.12,4.38,0.0,-1.0
2024-06-07 08:54:55,06:54:55,None,,,0,0,0,0,0,0,0,23.74,-1000.0,10.94,4.38,0.0,-1.0
2024-06-07 08:54:56,06:54:55,None,,,0,0,0,0,0,0,0,23.77,-1000.0,11.85,4.39,0.0,0.0
2024-06-07 08:54:56,06:54:56,None,,,0,0,0,0,0,0,0,23.74,-1000.0,11.85,4.38,0.0,-1.0
2024-06-07 08:54:56,06:54:56,None,,,0,0,0,0,0,0,0,23.7,-1000.0,10.97,4.38,0.0,-1.0
2024-06-07 08:54:56,06:54:56,None,,,0,0,0,0,0,0,0,23.77,-1000.0,12.15,4.38,0.0,-1.0
2024-06-07 08:54:56,06:54:56,None,,,0,0,0,0,0,0,0,23.77,-1000.0,11.41,4.38,0.0,-1.0
2024-06-07 08:54:57,06:54:56,None,,,0,0,0,0,0,0,0,23.77,-1000.0,11.21,4.38,0.0,0.0
2024-06-07 08:54:57,06:54:57,None,,,0,0,0,0,0,0,0,23.74,-1000.0,12.21,4.38,0.0,-1.0
2024-06-07 08:54:57,06:54:57,None,,,0,0,0,0,0,0,0,23.77,-1000.0,11.08,4.38,0.0,-1.0
2024-06-07 08:54:57,06:54:57,None,,,0,0,0,0,0,0,0,23.77,-1000.0,11.6,4.38,0.0,-1.0
2024-06-07 08:54:57,06:54:57,None,,,0,0,0,0,0,0,0,23.74,-1000.0,12.04,4.38,0.0,-1.0
2024-06-07 08:54:58,06:54:57,None,,,0,0,0,0,0,0,0,23.77,-1000.0,10.94,4.38,0.0,0.0
2024-06-07 08:54:58,06:54:58,None,,,0,0,0,0,0,0,0,23.81,-1000.0,11.82,4.38,0.0,-1.0
2024-06-07 08:54:58,06:54:58,None,,,0,0,0,0,0,0,0,23.77,-1000.0,11.71,4.38,0.0,-1.0
2024-06-07 08:54:58,06:54:58,None,,,0,0,0,0,0,0,0,23.77,-1000.0,11.02,4.38,0.0,-1.0
2024-06-07 08:54:58,06:54:58,None,,,0,0,0,0,0,0,0,23.77,-1000.0,12.21,4.38,0.0,-1.0
2024-06-07 08:54:59,06:54:58,None,,,0,0,0,0,0,0,0,23.77,-1000.0,11.24,4.37,0.0,0.0
2024-06-07 08:54:59,06:54:59,None,,,0,0,0,0,0,0,0,23.77,-1000.0,11.3,4.38,0.0,-1.0
2024-06-07 08:54:59,06:54:59,None,,,0,0,0,0,0,0,0,23.7,-1000.0,12.21,4.38,0.0,-1.0
2024-06-07 08:54:59,06:54:59,None,,,0,0,0,0,0,0,0,23.81,-1000.0,11.02,4.38,0.0,-1.0
2024-06-07 08:54:59,06:54:59,None,,,0,0,0,0,0,0,0,23.77,-1000.0,11.71,4.38,0.0,-1.0
2024-06-07 08:55:00,06:54:59,None,,,0,0,0,0,0,0,0,23.74,-1000.0,11.93,4.38,0.0,0.0
2024-06-07 08:55:00,06:55:00,None,,,0,0,0,0,0,0,0,23.74,-1000.0,10.94,4.38,0.0,-1.0
2024-06-07 08:55:00,06:55:00,None,,,0,0,0,0,0,0,0,23.7,-1000.0,12.1,4.38,0.0,-1.0
2024-06-07 08:55:00,06:55:00,None,,,0,0,0,0,0,0,0,23.77,-1000.0,11.57,4.38,0.0,-1.0
2024-06-07 08:55:01,06:55:00,None,,,0,0,0,0,0,0,0,23.81,-1000.0,11.08,4.38,0.0,-1.0
2024-06-07 08:55:01,06:55:00,None,,,0,0,0,0,0,0,0,23.81,-1000.0,12.21,4.38,0.0,0.0
2024-06-07 08:55:01,06:55:01,None,,,0,0,0,0,0,0,0,23.77,-1000.0,11.16,4.38,0.0,-1.0
2024-06-07 08:55:01,06:55:01,None,,,0,0,0,0,0,0,0,23.74,-1000.0,11.41,4.38,0.0,-1.0
2024-06-07 08:55:01,06:55:01,None,,,0,0,0,0,0,0,0,23.7,-1000.0,12.15,4.38,0.0,-1.0
2024-06-07 08:55:02,06:55:01,None,,,0,0,0,0,0,0,0,23.77,-1000.0,10.97,4.38,0.0,-1.0
2024-06-07 08:55:02,06:55:02,None,,,0,0,0,0,0,0,0,23.77,-1000.0,11.79,4.38,0.0,0.0
2024-06-07 08:55:02,06:55:02,None,,,0,0,0,0,0,0,0,23.77,-1000.0,11.88,4.38,0.0,-1.0
2024-06-07 08:55:02,06:55:02,None,,,0,0,0,0,0,0,0,23.81,-1000.0,10.94,4.38,0.0,-1.0
2024-06-07 08:55:02,06:55:02,None,,,0,0,0,0,0,0,0,23.87,-1000.0,12.12,4.38,0.0,-1.0
2024-06-07 08:55:03,06:55:02,None,,,0,0,0,0,0,0,0,23.74,-1000.0,11.46,4.39,0.0,-1.0
2024-06-07 08:55:03,06:55:03,None,,,0,0,0,0,0,0,0,23.81,-1000.0,11.19,4.38,0.0,0.0
2024-06-07 08:55:03,06:55:03,None,,,0,0,0,0,0,0,0,23.7,-1000.0,12.23,4.38,0.0,-1.0
2024-06-07 08:55:03,06:55:03,None,,,0,0,0,0,0,0,0,23.77,-1000.0,11.13,4.39,0.0,-1.0
2024-06-07 08:55:03,06:55:03,None,,,0,0,0,0,0,0,0,23.77,-1000.0,11.54,4.38,0.0,-1.0
2024-06-07 08:55:04,06:55:03,None,,,0,0,0,0,0,0,0,23.77,-1000.0,12.07,4.38,0.0,-1.0
2024-06-07 08:55:04,06:55:04,None,,,0,0,0,0,0,0,0,23.77,-1000.0,10.94,4.38,0.0,0.0
2024-06-07 08:55:04,06:55:04,None,,,0,0,0,0,0,0,0,23.77,-1000.0,11.93,4.38,0.0,-1.0
2024-06-07 08:55:04,06:55:04,None,,,0,0,0,0,0,0,0,23.74,-1000.0,11.74,4.38,0.0,-1.0
2024-06-07 08:55:04,06:55:04,None,,,0,0,0,0,0,0,0,23.77,-1000.0,11.02,4.38,0.0,-1.0
2024-06-07 08:55:05,06:55:04,None,,,0,0,0,0,0,0,0,23.84,-1000.0,12.21,4.38,0.0,-1.0
2024-06-07 08:55:05,06:55:05,None,,,0,0,0,0,0,0,0,23.74,-1000.0,11.3,4.38,22.0,0.0
2024-06-07 08:55:05,06:55:05,None,,,0,0,0,0,0,0,0,23.81,-1000.0,11.32,4.38,0.0,-1.0
2024-06-07 08:55:05,06:55:05,None,,,0,0,0,0,0,0,0,23.74,-1000.0,12.18,4.38,0.0,-1.0
2024-06-07 08:55:05,06:55:05,None,,,0,0,0,0,0,0,0,23.77,-1000.0,10.99,4.38,0.0,-1.0
2024-06-07 08:55:06,06:55:05,None,,,0,0,0,0,0,0,0,23.77,-1000.0,11.77,4.38,22.0,-1.0
2024-06-07 08:55:06,06:55:06,None,,,0,0,0,0,0,0,0,23.81,-1000.0,11.85,4.38,0.0,0.0
2024-06-07 08:55:06,06:55:06,None,,,0,0,0,0,0,0,0,23.81,-1000.0,10.94,4.38,0.0,-1.0
2024-06-07 08:55:06,06:55:06,None,,,0,0,0,0,0,0,0,23.77,-1000.0,12.1,4.38,0.0,-1.0
2024-06-07 08:55:07,06:55:06,None,,,0,0,0,0,0,0,0,23.7,-1000.0,11.49,4.38,0.0,-1.0
2024-06-07 08:55:07,06:55:06,None,,,0,0,0,0,0,0,0,23.81,-1000.0,11.19,4.38,0.0,-1.0
2024-06-07 08:55:07,06:55:07,None,,,0,0,0,0,0,0,0,23.77,-1000.0,12.21,4.38,0.0,0.0
2024-06-07 08:55:07,06:55:07,None,,,0,0,0,0,0,0,0,23.74,-1000.0,11.13,4.38,0.0,-1.0
2024-06-07 08:55:07,06:55:07,None,,,0,0,0,0,0,0,0,23.81,-1000.0,11.54,4.38,0.0,-1.0
2024-06-07 08:55:08,06:55:07,None,,,0,0,0,0,0,0,0,23.81,-1000.0,12.07,4.38,0.0,-1.0
2024-06-07 08:55:08,06:55:08,None,,,0,0,0,0,0,0,0,23.81,-1000.0,10.94,4.38,0.0,-1.0
2024-06-07 08:55:08,06:55:08,None,,,0,0,0,0,0,0,0,23.84,-1000.0,11.99,4.39,0.0,0.0
2024-06-07 08:55:08,06:55:08,None,,,0,0,0,0,0,0,0,23.74,-1000.0,11.71,4.38,0.0,-1.0
2024-06-07 08:55:08,06:55:08,None,,,0,0,0,0,0,0,0,23.74,-1000.0,11.02,4.38,0.0,-1.0
2024-06-07 08:55:09,06:55:08,None,,,0,0,0,0,0,0,0,23.7,-1000.0,12.18,4.38,0.0,-1.0
2024-06-07 08:55:09,06:55:09,None,,,0,0,0,0,0,0,0,23.7,-1000.0,11.24,4.38,0.0,-1.0
2024-06-07 08:55:09,06:55:09,None,,,0,0,0,0,0,0,0,23.84,-1000.0,11.35,4.38,0.0,0.0
2024-06-07 08:55:09,06:55:09,None,,,0,0,0,0,0,0,0,23.77,-1000.0,12.18,4.38,0.0,-1.0
2024-06-07 08:55:09,06:55:09,None,,,0,0,0,0,0,0,0,23.77,-1000.0,10.99,4.38,0.0,-1.0
2024-06-07 08:55:10,06:55:09,None,,,0,0,0,0,0,0,0,23.77,-1000.0,11.77,4.38,0.0,-1.0
2024-06-07 08:55:10,06:55:10,None,,,0,0,0,0,0,0,0,23.81,-1000.0,11.88,4.38,0.0,-1.0
2024-06-07 08:55:10,06:55:10,None,,,0,0,0,0,0,0,0,23.7,-1000.0,10.94,4.38,0.0,0.0
2024-06-07 08:55:10,06:55:10,None,,,0,0,0,0,0,0,0,23.7,-1000.0,12.1,4.38,0.0,-1.0
2024-06-07 08:55:10,06:55:10,None,,,0,0,0,0,0,0,0,23.81,-1000.0,11.49,4.38,0.0,-1.0
2024-06-07 08:55:11,06:55:10,None,,,0,0,0,0,0,0,0,23.81,-1000.0,11.16,4.38,0.0,-1.0
2024-06-07 08:55:11,06:55:11,None,,,0,0,0,0,0,0,0,23.81,-1000.0,12.21,4.38,0.0,-1.0
2024-06-07 08:55:11,06:55:11,None,,,0,0,0,0,0,0,0,23.74,-1000.0,11.1,4.38,0.0,0.0
2024-06-07 08:55:11,06:55:11,None,,,0,0,0,0,0,0,0,23.74,-1000.0,11.54,4.38,0.0,-1.0
2024-06-07 08:55:11,06:55:11,None,,,0,0,0,0,0,0,0,23.81,-1000.0,12.07,4.38,0.0,-1.0
2024-06-07 08:55:12,06:55:11,None,,,0,0,0,0,0,0,0,23.81,-1000.0,10.94,4.38,0.0,-1.0
2024-06-07 08:55:12,06:55:12,None,,,0,0,0,0,0,0,0,23.77,-1000.0,11.99,4.38,0.0,-1.0
2024-06-07 08:55:12,06:55:12,None,,,0,0,0,0,0,0,0,23.77,-1000.0,11.66,4.38,0.0,0.0
2024-06-07 08:55:12,06:55:12,None,,,0,0,0,0,0,0,0,23.77,-1000.0,11.02,4.38,0.0,-1.0
2024-06-07 08:55:13,06:55:12,None,,,0,0,0,0,0,0,0,23.74,-1000.0,12.21,4.38,0.0,-1.0
2024-06-07 08:55:13,06:55:12,None,,,0,0,0,0,0,0,0,23.81,-1000.0,11.24,4.38,0.0,-1.0
2024-06-07 08:55:13,06:55:13,None,,,0,0,0,0,0,0,0,23.77,-1000.0,11.38,4.38,0.0,-1.0
2024-06-07 08:55:13,06:55:13,None,,,0,0,0,0,0,0,0,23.74,-1000.0,12.15,4.38,0.0,0.0
2024-06-07 08:55:13,06:55:13,None,,,0,0,0,0,0,0,0,23.77,-1000.0,10.97,4.38,0.0,-1.0
2024-06-07 08:55:14,06:55:13,None,,,0,0,0,0,0,0,0,23.84,-1000.0,11.79,4.38,0.0,-1.0
2024-06-07 08:55:14,06:55:14,None,,,0,0,0,0,0,0,0,23.7,-1000.0,11.85,4.38,0.0,-1.0
2024-06-07 08:55:14,06:55:14,None,,,0,0,0,0,0,0,0,23.7,-1000.0,10.97,4.38,0.0,-1.0
2024-06-07 08:55:14,06:55:14,None,,,0,0,0,0,0,0,0,23.81,-1000.0,12.15,4.38,0.0,0.0
2024-06-07 08:55:14,06:55:14,None,,,0,0,0,0,0,0,0,23.81,-1000.0,11.46,4.38,50.0,-1.0
2024-06-07 08:55:15,06:55:14,None,,,0,0,0,0,0,0,0,23.74,-1000.0,11.21,4.38,0.0,-1.0
2024-06-07 08:55:15,06:55:15,None,,,0,0,0,0,0,0,0,23.74,-1000.0,12.21,4.38,0.0,-1.0
2024-06-07 08:55:15,06:55:15,None,,,0,0,0,0,0,0,0,23.77,-1000.0,11.05,4.38,0.0,-1.0
2024-06-07 08:55:15,06:55:15,None,,,0,0,0,0,0,0,0,23.77,-1000.0,11.63,4.38,0.0,0.0
2024-06-07 08:55:15,06:55:15,None,,,0,0,0,0,0,0,0,23.77,-1000.0,12.07,4.38,0.0,-1.0
2024-06-07 08:55:16,06:55:15,None,,,0,0,0,0,0,0,0,23.74,-1000.0,10.94,4.38,0.0,-1.0
2024-06-07 08:55:16,06:55:16,None,,,0,0,0,0,0,0,0,23.81,-1000.0,11.99,4.38,0.0,-1.0
2024-06-07 08:55:16,06:55:16,None,,,0,0,0,0,0,0,0,23.74,-1000.0,11.66,4.38,0.0,-1.0
2024-06-07 08:55:16,06:55:16,None,,,0,0,0,0,0,0,0,23.74,-1000.0,11.05,4.38,0.0,0.0
2024-06-07 08:55:16,06:55:16,None,,,0,0,0,0,0,0,0,23.81,-1000.0,12.21,4.38,0.0,-1.0
2024-06-07 08:55:17,06:55:16,None,,,0,0,0,0,0,0,0,23.74,-1000.0,11.3,4.38,0.0,-1.0
2024-06-07 08:55:17,06:55:17,None,,,0,0,0,0,0,0,0,23.7,-1000.0,11.35,4.38,0.0,-1.0
2024-06-07 08:55:17,06:55:17,None,,,0,0,0,0,0,0,0,23.74,-1000.0,12.18,4.38,0.0,-1.0
2024-06-07 08:55:17,06:55:17,None,,,0,0,0,0,0,0,0,23.81,-1000.0,10.99,4.38,0.0,0.0
2024-06-07 08:55:18,06:55:17,None,,,0,0,0,0,0,0,0,23.77,-1000.0,11.71,4.38,0.0,-1.0
2024-06-07 08:55:18,06:55:17,None,,,0,0,0,0,0,0,0,23.74,-1000.0,11.93,4.38,0.0,-1.0
2024-06-07 08:55:18,06:55:18,None,,,0,0,0,0,0,0,0,23.84,-1000.0,10.94,4.38,0.0,-1.0
2024-06-07 08:55:18,06:55:18,None,,,0,0,0,0,0,0,0,23.7,-1000.0,12.07,4.38,0.0,-1.0
2024-06-07 08:55:18,06:55:18,None,,,0,0,0,0,0,0,0,23.77,-1000.0,11.54,4.38,0.0,0.0
2024-06-07 08:55:19,06:55:18,None,,,0,0,0,0,0,0,0,23.7,-1000.0,11.08,4.38,0.0,-1.0
2024-06-07 08:55:19,06:55:18,None,,,0,0,0,0,0,0,0,23.77,-1000.0,12.21,4.38,0.0,-1.0
2024-06-07 08:55:19,06:55:19,None,,,0,0,0,0,0,0,0,23.74,-1000.0,11.13,4.38,50.0,-1.0
2024-06-07 08:55:19,06:55:19,None,,,0,0,0,0,0,0,0,23.77,-1000.0,11.46,4.38,0.0,-1.0
2024-06-07 08:55:19,06:55:19,None,,,0,0,0,0,0,0,0,23.77,-1000.0,12.12,4.38,0.0,0.0
2024-06-07 08:55:20,06:55:19,None,,,0,0,0,0,0,0,0,23.74,-1000.0,10.97,4.38,0.0,-1.0
2024-06-07 08:55:20,06:55:20,None,,,0,0,0,0,0,0,0,23.77,-1000.0,11.85,4.39,50.0,-1.0
2024-06-07 08:55:20,06:55:20,None,,,0,0,0,0,0,0,0,23.77,-1000.0,11.79,4.38,0.0,-1.0
2024-06-07 08:55:20,06:55:20,None,,,0,0,0,0,0,0,0,23.77,-1000.0,10.99,4.38,0.0,-1.0
2024-06-07 08:55:20,06:55:20,None,,,0,0,0,0,0,0,0,23.77,-1000.0,12.18,4.38,0.0,0.0
2024-06-07 08:55:21,06:55:20,None,,,0,0,0,0,0,0,0,23.77,-1000.0,11.43,4.38,0.0,-1.0
2024-06-07 08:55:21,06:55:21,None,,,0,0,0,0,0,0,0,23.77,-1000.0,11.21,4.38,0.0,-1.0
2024-06-07 08:55:21,06:55:21,None,,,0,0,0,0,0,0,0,23.81,-1000.0,12.21,4.38,0.0,-1.0
2024-06-07 08:55:21,06:55:21,None,,,0,0,0,0,0,0,0,23.7,-1000.0,11.08,4.37,0.0,-1.0
2024-06-07 08:55:21,06:55:21,None,,,0,0,0,0,0,0,0,23.7,-1000.0,11.57,4.38,0.0,0.0
2024-06-07 08:55:22,06:55:21,None,,,0,0,0,0,0,0,0,23.84,-1000.0,12.07,4.38,0.0,-1.0
2024-06-07 08:57:45,06:57:44,None,,,0,0,0,0,0,0,0,23.81,-1000.0,11.19,4.38,0.0,-1.0
2024-06-07 08:58:09,06:58:09,None,,,0,0,0,0,0,0,0,23.81,-1000.0,11.71,4.38,0.0,0.0
2024-06-07 08:59:07,06:59:07,None,,,0,0,0,0,0,0,0,0.0,0.0,0.0,0.0,0.0,0.0
2024-06-07 08:59:57,06:59:56,None,,,0,0,0,0,0,0,0,23.74,-1000.0,10.97,4.38,0.0,-1.0
2024-06-07 09:00:21,07:00:21,None,,,0,0,0,0,0,0,0,23.81,-1000.0,12.07,4.38,0.0,-1.0
2024-06-07 09:02:34,07:02:33,None,,,0,0,0,0,0,0,0,0.0,0.0,0.0,0.0,0.0,-1.0
2024-06-07 09:02:59,07:02:59,None,,,0,0,0,0,0,0,0,23.7,-1000.0,11.82,4.37,0.0,-1.0
2024-06-07 09:04:17,07:04:16,None,,,0,0,0,0,0,0,0,23.84,-1000.0,11.74,4.38,0.0,-1.0
2024-06-07 09:16:38,07:16:37,None,,,0,0,0,0,0,0,0,23.77,-1000,12.18,4.39,0,-1
2024-06-07 09:16:38,07:16:37,None,,,0,0,0,0,0,0,0,23.81,-1000,12.07,4.39,0,-1
2024-06-07 09:16:38,07:16:37,None,,,0,0,0,0,0,0,0,23.77,-1000,11.6,4.39,22,-1
2024-06-07 09:16:38,07:16:37,None,,,0,0,0,0,0,0,0,23.91,-1000,11.05,4.39,0,-1
2024-06-07 09:16:38,07:16:37,None,,,0,0,0,0,0,0,0,23.87,-1000,12.18,4.39,0,-1
2024-06-07 09:16:38,07:16:38,None,,,0,0,0,0,0,0,0,23.87,-1000,11.27,4.38,0,0
2024-06-07 09:16:39,07:16:38,None,,,0,0,0,0,0,0,0,23.87,-1000,11.24,4.39,0,-1
2024-06-07 09:16:39,07:16:38,None,,,0,0,0,0,0,0,0,23.81,-1000,12.18,4.39,0,-1
2024-06-07 09:16:39,07:16:38,None,,,0,0,0,0,0,0,0,23.84,-1000,11.19,4.39,0,-1
2024-06-07 09:16:39,07:16:38,None,,,0,0,0,0,0,0,0,23.84,-1000,11.49,4.39,0,-1
2024-06-07 09:16:39,07:16:39,None,,,0,0,0,0,0,0,0,23.91,-1000,12.1,4.39,0,0
2024-06-07 09:16:40,07:16:39,None,,,0,0,0,0,0,0,0,23.81,-1000,10.97,4.38,0,-1
2024-06-07 09:16:40,07:16:39,None,,,0,0,0,0,0,0,0,23.84,-1000,11.71,4.39,77,-1
2024-06-07 09:16:40,07:16:39,None,,,0,0,0,0,0,0,0,23.81,-1000,11.9,4.39,0,-1
2024-06-07 09:16:40,07:16:39,None,,,0,0,0,0,0,0,0,23.84,-1000,10.91,4.39,0,-1
2024-06-07 09:16:40,07:16:40,None,,,0,0,0,0,0,0,0,23.74,-1000,11.99,4.39,0,0
2024-06-07 09:16:41,07:16:40,None,,,0,0,0,0,0,0,0,23.87,-1000,11.68,4.39,0,-1
2024-06-07 09:16:41,07:16:40,None,,,0,0,0,0,0,0,0,23.84,-1000,10.97,4.39,0,-1
2024-06-07 09:16:41,07:16:40,None,,,0,0,0,0,0,0,0,23.87,-1000,12.12,4.39,0,-1
2024-06-07 09:16:41,07:16:40,None,,,0,0,0,0,0,0,0,23.84,-1000,11.43,4.38,0,-1
2024-06-07 09:16:42,07:16:41,None,,,0,0,0,0,0,0,0,23.91,-1000,11.13,4.39,0,0
2024-06-07 09:16:42,07:16:41,None,,,0,0,0,0,0,0,0,23.91,-1000,12.18,4.39,0,-1
2024-06-07 09:16:42,07:16:41,None,,,0,0,0,0,0,0,0,23.81,-1000,11.19,4.38,50,-1
2024-06-07 09:16:42,07:16:41,None,,,0,0,0,0,0,0,0,23.81,-1000,11.35,4.39,0,-1
2024-06-07 09:16:42,07:16:41,None,,,0,0,0,0,0,0,0,23.87,-1000,12.15,4.39,0,-1
2024-06-07 09:16:43,07:16:42,None,,,0,0,0,0,0,0,0,23.87,-1000,10.99,4.39,0,0
2024-06-07 09:16:43,07:16:42,None,,,0,0,0,0,0,0,0,23.84,-1000,11.6,4.39,0,-1
2024-06-07 09:16:43,07:16:42,None,,,0,0,0,0,0,0,0,23.81,-1000,12.01,4.39,0,-1
2024-06-07 09:16:43,07:16:42,None,,,0,0,0,0,0,0,0,23.84,-1000,10.91,4.39,0,-1
2024-06-07 09:16:43,07:16:43,None,,,0,0,0,0,0,0,0,23.81,-1000,11.88,4.38,22,-1
2024-06-07 09:16:44,07:16:43,None,,,0,0,0,0,0,0,0,23.77,-1000,11.74,4.39,0,0
2024-06-07 09:16:44,07:16:43,None,,,0,0,0,0,0,0,0,23.87,-1000,10.94,4.39,0,-1
2024-06-07 09:16:44,07:16:43,None,,,0,0,0,0,0,0,0,23.81,-1000,12.1,4.39,0,-1
2024-06-07 09:16:44,07:16:43,None,,,0,0,0,0,0,0,0,23.91,-1000,11.52,4.38,22,-1
2024-06-07 09:16:44,07:16:44,None,,,0,0,0,0,0,0,0,23.87,-1000,11.1,4.39,0,-1
2024-06-07 09:16:45,07:16:44,None,,,0,0,0,0,0,0,0,23.84,-1000,12.21,4.39,0,0
2024-06-07 09:16:45,07:16:44,None,,,0,0,0,0,0,0,0,23.87,-1000,11.27,4.36,0,-1
2024-06-07 09:16:45,07:16:44,None,,,0,0,0,0,0,0,0,23.84,-1000,11.27,4.39,0,-1
2024-06-07 09:16:45,07:16:44,None,,,0,0,0,0,0,0,0,23.87,-1000,12.18,4.39,0,-1
2024-06-07 09:16:45,07:16:45,None,,,0,0,0,0,0,0,0,23.84,-1000,11.05,4.38,0,-1
2024-06-07 09:16:46,07:16:45,None,,,0,0,0,0,0,0,0,23.81,-1000,11.57,4.39,0,0
2024-06-07 09:16:46,07:16:45,None,,,0,0,0,0,0,0,0,23.84,-1000,12.07,4.39,0,-1
2024-06-07 09:16:46,07:16:45,None,,,0,0,0,0,0,0,0,23.87,-1000,10.91,4.39,0,-1
2024-06-07 09:16:46,07:16:45,None,,,0,0,0,0,0,0,0,23.84,-1000,11.82,4.39,0,-1
2024-06-07 09:16:46,07:16:46,None,,,0,0,0,0,0,0,0,23.87,-1000,11.85,4.39,0,-1
2024-06-07 09:16:47,07:16:46,None,,,0,0,0,0,0,0,0,23.84,-1000,10.91,4.39,0,0
2024-06-07 09:16:47,07:16:46,None,,,0,0,0,0,0,0,0,23.81,-1000,12.01,4.39,0,-1
2024-06-07 09:16:47,07:16:46,None,,,0,0,0,0,0,0,0,23.84,-1000,11.63,4.39,0,-1
2024-06-07 09:16:47,07:16:46,None,,,0,0,0,0,0,0,0,23.87,-1000,10.99,4.39,0,-1
2024-06-07 09:16:48,07:16:47,None,,,0,0,0,0,0,0,0,23.87,-1000,12.15,4.39,0,-1
2024-06-07 09:16:48,07:16:47,None,,,0,0,0,0,0,0,0,23.84,-1000,11.32,4.39,0,0
2024-06-07 09:16:48,07:16:47,None,,,0,0,0,0,0,0,0,23.87,-1000,11.16,4.39,0,-1
2024-06-07 09:16:48,07:16:47,None,,,0,0,0,0,0,0,0,23.84,-1000,12.18,4.39,0,-1
2024-06-07 09:16:48,07:16:47,None,,,0,0,0,0,0,0,0,23.91,-1000,11.1,4.39,0,-1
2024-06-07 09:16:49,07:16:48,None,,,0,0,0,0,0,0,0,23.91,-1000,11.41,4.39,0,-1
2024-06-07 09:16:49,07:16:48,None,,,0,0,0,0,0,0,0,23.87,-1000,12.12,4.39,0,0
2024-06-07 09:16:49,07:16:48,None,,,0,0,0,0,0,0,0,23.87,-1000,10.97,4.39,0,-1
2024-06-07 09:16:49,07:16:48,None,,,0,0,0,0,0,0,0,23.81,-1000,11.68,4.4,0,-1
2024-06-07 09:16:49,07:16:49,None,,,0,0,0,0,0,0,0,23.84,-1000,11.99,4.39,0,-1
2024-06-07 09:16:50,07:16:49,None,,,0,0,0,0,0,0,0,23.74,-1000,10.91,4.39,0,-1
2024-06-07 09:16:50,07:16:49,None,,,0,0,0,0,0,0,0,23.87,-1000,11.9,4.39,0,0
2024-06-07 09:16:50,07:16:49,None,,,0,0,0,0,0,0,0,23.81,-1000,11.77,4.39,0,-1
2024-06-07 09:16:50,07:16:49,None,,,0,0,0,0,0,0,0,23.87,-1000,10.94,4.39,0,-1
2024-06-07 09:16:50,07:16:50,None,,,0,0,0,0,0,0,0,23.84,-1000,12.1,4.39,0,-1
2024-06-07 09:16:51,07:16:50,None,,,0,0,0,0,0,0,0,23.87,-1000,11.52,4.39,0,-1
2024-06-07 09:16:51,07:16:50,None,,,0,0,0,0,0,0,0,23.84,-1000,11.05,4.39,0,0
2024-06-07 09:16:51,07:16:50,None,,,0,0,0,0,0,0,0,23.84,-1000,12.18,4.39,0,-1
2024-06-07 09:16:51,07:16:50,None,,,0,0,0,0,0,0,0,23.84,-1000,11.27,4.39,0,-1
2024-06-07 09:16:51,07:16:51,None,,,0,0,0,0,0,0,0,23.84,-1000,11.24,4.39,0,-1
2024-06-07 09:16:52,07:16:51,None,,,0,0,0,0,0,0,0,23.87,-1000,12.18,4.39,0,-1
2024-06-07 09:16:52,07:16:51,None,,,0,0,0,0,0,0,0,23.84,-1000,11.02,4.39,0,0
2024-06-07 09:16:52,07:16:51,None,,,0,0,0,0,0,0,0,23.91,-1000,11.46,4.39,0,-1
2024-06-07 09:16:52,07:16:51,None,,,0,0,0,0,0,0,0,23.84,-1000,12.1,4.39,0,-1
2024-06-07 09:16:52,07:16:52,None,,,0,0,0,0,0,0,0,23.87,-1000,10.94,4.39,0,-1
2024-06-07 09:16:53,07:16:52,None,,,0,0,0,0,0,0,0,23.87,-1000,11.74,4.39,0,-1
2024-06-07 09:16:53,07:16:52,None,,,0,0,0,0,0,0,0,23.84,-1000,11.9,4.39,0,0
2024-06-07 09:16:53,07:16:52,None,,,0,0,0,0,0,0,0,23.84,-1000,10.91,4.39,0,-1
2024-06-07 09:16:53,07:16:52,None,,,0,0,0,0,0,0,0,23.87,-1000,11.96,4.39,0,-1
2024-06-07 09:16:54,07:16:53,None,,,0,0,0,0,0,0,0,23.87,-1000,11.68,4.39,0,-1
2024-06-07 09:16:54,07:16:53,None,,,0,0,0,0,0,0,0,23.81,-1000,10.97,4.39,0,-1
2024-06-07 09:16:54,07:16:53,None,,,0,0,0,0,0,0,0,23.91,-1000,12.12,4.39,0,0
2024-06-07 09:16:54,07:16:53,None,,,0,0,0,0,0,0,0,23.84,-1000,11.46,4.39,0,-1
2024-06-07 09:16:54,07:16:53,None,,,0,0,0,0,0,0,0,23.81,-1000,11.08,4.39,0,-1
2024-06-07 09:16:55,07:16:54,None,,,0,0,0,0,0,0,0,23.81,-1000,12.18,4.39,0,-1
2024-06-07 09:16:55,07:16:54,None,,,0,0,0,0,0,0,0,23.81,-1000,11.21,4.39,0,-1
2024-06-07 09:16:55,07:16:54,None,,,0,0,0,0,0,0,0,23.84,-1000,11.3,4.39,0,0
2024-06-07 09:16:55,07:16:54,None,,,0,0,0,0,0,0,0,23.87,-1000,12.18,4.39,0,-1
2024-06-07 09:16:55,07:16:55,None,,,0,0,0,0,0,0,0,23.87,-1000,11.02,4.39,0,-1
2024-06-07 09:16:56,07:16:55,None,,,0,0,0,0,0,0,0,23.87,-1000,11.52,4.39,0,-1
2024-06-07 09:16:56,07:16:55,None,,,0,0,0,0,0,0,0,23.87,-1000,12.07,4.39,0,-1
2024-06-07 09:16:56,07:16:55,None,,,0,0,0,0,0,0,0,23.84,-1000,10.94,4.39,0,0
2024-06-07 09:16:56,07:16:55,None,,,0,0,0,0,0,0,0,23.77,-1000,11.71,4.39,0,-1
2024-06-07 09:16:56,07:16:56,None,,,0,0,0,0,0,0,0,23.84,-1000,11.93,4.39,0,-1
2024-06-07 09:16:57,07:16:56,None,,,0,0,0,0,0,0,0,23.84,-1000,10.91,4.39,0,-1
2024-06-07 09:16:57,07:16:56,None,,,0,0,0,0,0,0,0,23.87,-1000,11.93,4.4,0,-1
2024-06-07 09:16:57,07:16:56,None,,,0,0,0,0,0,0,0,23.87,-1000,11.71,4.39,0,0
2024-06-07 09:16:57,07:16:56,None,,,0,0,0,0,0,0,0,23.81,-1000,10.94,4.39,0,-1
2024-06-07 09:16:57,07:16:57,None,,,0,0,0,0,0,0,0,23.81,-1000,12.1,4.39,0,-1
2024-06-07 09:16:58,07:16:57,None,,,0,0,0,0,0,0,0,23.87,-1000,11.52,4.39,0,-1
2024-06-07 09:16:58,07:16:57,None,,,0,0,0,0,0,0,0,23.84,-1000,11.05,4.39,0,-1
2024-06-07 09:16:58,07:16:57,None,,,0,0,0,0,0,0,0,23.84,-1000,12.18,4.39,0,0
2024-06-07 09:16:58,07:16:57,None,,,0,0,0,0,0,0,0,23.84,-1000,11.32,4.39,0,-1
2024-06-07 09:16:58,07:16:58,None,,,0,0,0,0,0,0,0,23.81,-1000,11.21,4.39,0,-1
2024-06-07 09:16:59,07:16:58,None,,,0,0,0,0,0,0,0,23.87,-1000,12.18,4.39,0,-1
2024-06-07 09:16:59,07:16:58,None,,,0,0,0,0,0,0,0,23.87,-1000,11.21,4.39,0,-1
2024-06-07 09:16:59,07:16:58,None,,,0,0,0,0,0,0,0,23.84,-1000,11.43,4.39,0,0
2024-06-07 09:16:59,07:16:58,None,,,0,0,0,0,0,0,0,23.87,-1000,12.15,4.39,0,-1
2024-06-07 09:17:00,07:16:59,None,,,0,0,0,0,0,0,0,23.81,-1000,10.99,4.39,0,-1
2024-06-07 09:17:00,07:16:59,None,,,0,0,0,0,0,0,0,23.94,-1000,11.63,4.39,0,-1
2024-06-07 09:17:00,07:16:59,None,,,0,0,0,0,0,0,0,23.91,-1000,12.01,4.39,0,-1
2024-06-07 09:17:00,07:16:59,None,,,0,0,0,0,0,0,0,23.87,-1000,10.91,4.39,0,0
2024-06-07 09:17:00,07:16:59,None,,,0,0,0,0,0,0,0,23.87,-1000,11.82,4.39,0,-1
2024-06-07 09:17:01,07:17:00,None,,,0,0,0,0,0,0,0,23.84,-1000,11.88,4.39,0,-1
2024-06-07 09:17:01,07:17:00,None,,,0,0,0,0,0,0,0,23.91,-1000,10.91,4.39,0,-1
2024-06-07 09:17:01,07:17:00,None,,,0,0,0,0,0,0,0,23.84,-1000,11.96,4.4,0,-1
2024-06-07 09:17:01,07:17:00,None,,,0,0,0,0,0,0,0,23.84,-1000,11.66,4.39,0,0
2024-06-07 09:17:01,07:17:01,None,,,0,0,0,0,0,0,0,23.91,-1000,10.97,4.39,0,-1
2024-06-07 09:17:02,07:17:01,None,,,0,0,0,0,0,0,0,23.84,-1000,12.12,4.39,0,-1
2024-06-07 09:17:02,07:17:01,None,,,0,0,0,0,0,0,0,23.84,-1000,11.43,4.39,0,-1
2024-06-07 09:17:02,07:17:01,None,,,0,0,0,0,0,0,0,23.91,-1000,11.08,4.39,0,-1
2024-06-07 09:17:02,07:17:01,None,,,0,0,0,0,0,0,0,23.84,-1000,12.18,4.39,0,0
2024-06-07 09:17:02,07:17:02,None,,,0,0,0,0,0,0,0,23.84,-1000,11.27,4.39,0,-1
2024-06-07 09:17:03,07:17:02,None,,,0,0,0,0,0,0,0,23.84,-1000,11.24,4.39,0,-1
2024-06-07 09:17:03,07:17:02,None,,,0,0,0,0,0,0,0,23.77,-1000,12.18,4.39,0,-1
2024-06-07 09:17:03,07:17:02,None,,,0,0,0,0,0,0,0,23.91,-1000,11.1,4.39,0,-1
2024-06-07 09:17:03,07:17:02,None,,,0,0,0,0,0,0,0,23.87,-1000,11.46,4.39,0,0
2024-06-07 09:17:03,07:17:03,None,,,0,0,0,0,0,0,0,23.81,-1000,12.12,4.39,0,-1
2024-06-07 09:17:04,07:17:03,None,,,0,0,0,0,0,0,0,23.87,-1000,10.97,4.39,0,-1
2024-06-07 09:17:04,07:17:03,None,,,0,0,0,0,0,0,0,23.87,-1000,11.66,4.39,0,-1
2024-06-07 09:17:04,07:17:03,None,,,0,0,0,0,0,0,0,23.87,-1000,12.01,4.39,0,-1
2024-06-07 09:17:04,07:17:03,None,,,0,0,0,0,0,0,0,23.87,-1000,10.91,4.39,0,0
2024-06-07 09:17:05,07:17:04,None,,,0,0,0,0,0,0,0,23.87,-1000,11.82,4.39,0,-1
2024-06-07 09:17:05,07:17:04,None,,,0,0,0,0,0,0,0,23.91,-1000,11.85,4.39,0,-1
2024-06-07 09:17:05,07:17:04,None,,,0,0,0,0,0,0,0,23.87,-1000,10.91,4.39,0,-1
2024-06-07 09:17:05,07:17:04,None,,,0,0,0,0,0,0,0,23.87,-1000,11.99,4.39,0,-1
2024-06-07 09:17:05,07:17:04,None,,,0,0,0,0,0,0,0,23.87,-1000,11.63,4.39,0,0
2024-06-07 09:17:06,07:17:05,None,,,0,0,0,0,0,0,0,23.91,-1000,10.97,4.39,0,-1
2024-06-07 09:17:06,07:17:05,None,,,0,0,0,0,0,0,0,23.84,-1000,12.12,4.39,0,-1
2024-06-07 09:17:06,07:17:05,None,,,0,0,0,0,0,0,0,23.87,-1000,11.43,4.38,0,-1
2024-06-07 09:17:06,07:17:05,None,,,0,0,0,0,0,0,0,23.87,-1000,11.1,4.39,0,-1
2024-06-07 09:17:06,07:17:06,None,,,0,0,0,0,0,0,0,23.84,-1000,12.21,4.39,0,0
2024-06-07 09:17:07,07:17:06,None,,,0,0,0,0,0,0,0,23.91,-1000,11.24,4.39,0,-1
2024-06-07 09:17:07,07:17:06,None,,,0,0,0,0,0,0,0,23.87,-1000,11.19,4.39,0,-1
2024-06-07 09:17:07,07:17:06,None,,,0,0,0,0,0,0,0,23.84,-1000,12.18,4.39,0,-1
2024-06-07 09:17:07,07:17:06,None,,,0,0,0,0,0,0,0,23.81,-1000,11.1,4.39,0,-1
2024-06-07 09:17:07,07:17:07,None,,,0,0,0,0,0,0,0,23.87,-1000,11.43,4.39,0,0
2024-06-07 09:17:08,07:17:07,None,,,0,0,0,0,0,0,0,23.91,-1000,12.15,4.39,0,-1
2024-06-07 09:17:08,07:17:07,None,,,0,0,0,0,0,0,0,23.91,-1000,10.99,4.39,0,-1
2024-06-07 09:17:08,07:17:07,None,,,0,0,0,0,0,0,0,23.87,-1000,11.63,4.39,0,-1
2024-06-07 09:17:08,07:17:07,None,,,0,0,0,0,0,0,0,23.81,-1000,12.01,4.39,0,-1
2024-06-07 09:17:08,07:17:08,None,,,0,0,0,0,0,0,0,23.91,-1000,10.91,4.39,0,0
2024-06-07 09:17:09,07:17:08,None,,,0,0,0,0,0,0,0,23.84,-1000,11.82,4.38,0,-1
2024-06-07 09:17:09,07:17:08,None,,,0,0,0,0,0,0,0,23.87,-1000,11.88,4.39,0,-1
2024-06-07 09:17:09,07:17:08,None,,,0,0,0,0,0,0,0,23.91,-1000,10.91,4.39,0,-1
2024-06-07 09:17:09,07:17:08,None,,,0,0,0,0,0,0,0,23.87,-1000,12.01,4.39,0,-1
2024-06-07 09:17:09,07:17:09,None,,,0,0,0,0,0,0,0,23.81,-1000,11.66,4.39,0,0
2024-06-07 09:17:10,07:17:09,None,,,0,0,0,0,0,0,0,23.87,-1000,10.94,4.39,0,-1
2024-06-07 09:17:10,07:17:09,None,,,0,0,0,0,0,0,0,23.81,-1000,12.1,4.39,0,-1
2024-06-07 09:17:10,07:17:09,None,,,0,0,0,0,0,0,0,23.87,-1000,11.49,4.39,0,-1
2024-06-07 09:17:10,07:17:09,None,,,0,0,0,0,0,0,0,23.84,-1000,11.08,4.39,0,-1
2024-06-07 09:17:11,07:17:10,None,,,0,0,0,0,0,0,0,23.87,-1000,12.18,4.39,0,0
2024-06-07 09:17:11,07:17:10,None,,,0,0,0,0,0,0,0,23.84,-1000,11.35,4.38,0,-1
2024-06-07 09:17:11,07:17:10,None,,,0,0,0,0,0,0,0,23.84,-1000,11.21,4.39,0,-1
2024-06-07 09:17:11,07:17:10,None,,,0,0,0,0,0,0,0,23.84,-1000,12.18,4.39,0,-1
2024-06-07 09:17:11,07:17:10,None,,,0,0,0,0,0,0,0,23.87,-1000,10.97,4.39,0,-1
2024-06-07 09:17:12,07:17:11,None,,,0,0,0,0,0,0,0,23.87,-1000,11.43,4.39,0,0
2024-06-07 09:17:12,07:17:11,None,,,0,0,0,0,0,0,0,23.87,-1000,12.15,4.39,0,-1
2024-06-07 09:17:12,07:17:11,None,,,0,0,0,0,0,0,0,23.84,-1000,10.99,4.39,0,-1
2024-06-07 09:17:12,07:17:11,None,,,0,0,0,0,0,0,0,23.87,-1000,11.63,4.39,0,-1
2024-06-07 09:17:12,07:17:12,None,,,0,0,0,0,0,0,0,23.84,-1000,12.01,4.39,0,-1
2024-06-07 09:17:13,07:17:12,None,,,0,0,0,0,0,0,0,23.87,-1000,10.91,4.39,0,0
2024-06-07 09:17:13,07:17:12,None,,,0,0,0,0,0,0,0,23.87,-1000,11.79,4.39,350,-1
2024-06-07 09:17:13,07:17:12,None,,,0,0,0,0,0,0,0,23.84,-1000,11.79,4.39,0,-1
2024-06-07 09:17:13,07:17:12,None,,,0,0,0,0,0,0,0,23.87,-1000,10.91,4.39,0,-1
2024-06-07 09:17:13,07:17:13,None,,,0,0,0,0,0,0,0,23.87,-1000,12.04,4.39,0,-1
2024-06-07 09:17:14,07:17:13,None,,,0,0,0,0,0,0,0,23.84,-1000,11.57,4.39,0,0
2024-06-07 09:17:14,07:17:13,None,,,0,0,0,0,0,0,0,23.84,-1000,10.99,4.38,0,-1
2024-06-07 09:17:14,07:17:13,None,,,0,0,0,0,0,0,0,23.87,-1000,12.15,4.39,0,-1
2024-06-07 09:17:14,07:17:13,None,,,0,0,0,0,0,0,0,23.87,-1000,11.38,4.39,0,-1
2024-06-07 09:17:14,07:17:14,None,,,0,0,0,0,0,0,0,23.84,-1000,11.16,4.39,0,-1
2024-06-07 09:17:15,07:17:14,None,,,0,0,0,0,0,0,0,23.77,-1000,12.18,4.39,0,0
2024-06-07 09:17:15,07:17:14,None,,,0,0,0,0,0,0,0,23.87,-1000,11.19,4.39,0,-1
2024-06-07 09:17:15,07:17:14,None,,,0,0,0,0,0,0,0,23.84,-1000,11.32,4.39,0,-1
2024-06-07 09:17:15,07:17:14,None,,,0,0,0,0,0,0,0,23.87,-1000,12.15,4.39,0,-1
2024-06-07 09:17:15,07:17:15,None,,,0,0,0,0,0,0,0,23.87,-1000,11.02,4.39,0,-1
2024-06-07 09:17:16,07:17:15,None,,,0,0,0,0,0,0,0,23.87,-1000,11.57,4.39,0,0
2024-06-07 09:17:16,07:17:15,None,,,0,0,0,0,0,0,0,23.87,-1000,12.07,4.39,0,-1
2024-06-07 09:17:16,07:17:15,None,,,0,0,0,0,0,0,0,23.84,-1000,10.94,4.39,0,-1
2024-06-07 09:17:16,07:17:15,None,,,0,0,0,0,0,0,0,23.87,-1000,11.77,4.39,0,-1
2024-06-07 09:17:17,07:17:16,None,,,0,0,0,0,0,0,0,23.87,-1000,11.9,4.39,0,-1
2024-06-07 09:17:17,07:17:16,None,,,0,0,0,0,0,0,0,23.87,-1000,10.91,4.39,0,0
2024-06-07 09:17:17,07:17:16,None,,,0,0,0,0,0,0,0,23.94,-1000,12.01,4.39,0,-1
2024-06-07 09:17:17,07:17:16,None,,,0,0,0,0,0,0,0,23.81,-1000,11.71,4.39,0,-1
2024-06-07 09:17:17,07:17:16,None,,,0,0,0,0,0,0,0,23.84,-1000,10.94,4.39,0,-1
2024-06-07 09:17:18,07:17:17,None,,,0,0,0,0,0,0,0,23.81,-1000,12.1,4.39,0,-1
2024-06-07 09:17:18,07:17:17,None,,,0,0,0,0,0,0,0,23.81,-1000,11.46,4.39,0,0
2024-06-07 09:17:18,07:17:17,None,,,0,0,0,0,0,0,0,23.84,-1000,11.05,4.39,0,-1
2024-06-07 09:17:18,07:17:17,None,,,0,0,0,0,0,0,0,23.87,-1000,12.18,4.39,0,-1
2024-06-07 09:17:18,07:17:18,None,,,0,0,0,0,0,0,0,23.91,-1000,11.27,4.4,0,-1
2024-06-07 09:17:19,07:17:18,None,,,0,0,0,0,0,0,0,23.81,-1000,11.27,4.39,0,-1
2024-06-07 09:17:19,07:17:18,None,,,0,0,0,0,0,0,0,23.81,-1000,12.18,4.39,0,0
2024-06-07 09:17:19,07:17:18,None,,,0,0,0,0,0,0,0,23.84,-1000,11.1,4.39,0,-1
2024-06-07 09:17:19,07:17:18,None,,,0,0,0,0,0,0,0,23.91,-1000,11.43,4.39,0,-1
2024-06-07 09:17:19,07:17:19,None,,,0,0,0,0,0,0,0,23.91,-1000,12.12,4.39,0,-1
2024-06-07 09:17:20,07:17:19,None,,,0,0,0,0,0,0,0,23.84,-1000,10.97,4.39,0,-1
2024-06-07 09:17:20,07:17:19,None,,,0,0,0,0,0,0,0,23.84,-1000,11.68,4.39,0,0
2024-06-07 09:17:20,07:17:19,None,,,0,0,0,0,0,0,0,23.87,-1000,11.99,4.39,0,-1
2024-06-07 09:17:20,07:17:19,None,,,0,0,0,0,0,0,0,23.87,-1000,10.91,4.39,0,-1
2024-06-07 09:17:20,07:17:20,None,,,0,0,0,0,0,0,0,23.91,-1000,11.88,4.39,0,-1
2024-06-07 09:17:21,07:17:20,None,,,0,0,0,0,0,0,0,23.91,-1000,11.79,4.39,0,-1
2024-06-07 09:17:21,07:17:20,None,,,0,0,0,0,0,0,0,23.84,-1000,10.91,4.39,0,0
2024-06-07 09:17:21,07:17:20,None,,,0,0,0,0,0,0,0,23.87,-1000,11.99,4.39,0,-1
2024-06-07 09:17:21,07:17:20,None,,,0,0,0,0,0,0,0,23.81,-1000,11.57,4.39,0,-1
2024-06-07 09:17:21,07:17:21,None,,,0,0,0,0,0,0,0,23.77,-1000,11.02,4.39,0,-1
2024-06-07 09:17:22,07:17:21,None,,,0,0,0,0,0,0,0,23.87,-1000,12.15,4.39,0,-1
2024-06-07 09:17:22,07:17:21,None,,,0,0,0,0,0,0,0,23.84,-1000,11.32,4.4,0,0
2024-06-07 09:17:33,07:17:32,None,,,0,0,0,0,0,0,0,23.84,-1000,12.18,4.39,0,-1
2024-06-07 09:17:33,07:17:32,None,,,0,0,0,0,0,0,0,23.87,-1000,11.21,4.39,0,-1
2024-06-07 09:17:33,07:17:32,None,,,0,0,0,0,0,0,0,23.81,-1000,11.3,4.39,0,0
2024-06-07 09:17:33,07:17:33,None,,,0,0,0,0,0,0,0,23.87,-1000,12.18,4.39,0,-1
2024-06-07 09:17:34,07:17:33,None,,,0,0,0,0,0,0,0,23.87,-1000,11.13,4.39,0,-1
2024-06-07 09:17:34,07:17:33,None,,,0,0,0,0,0,0,0,23.87,-1000,11.52,4.39,0,-1
2024-06-07 09:17:34,07:17:33,None,,,0,0,0,0,0,0,0,23.84,-1000,12.07,4.39,0,-1
2024-06-07 09:17:34,07:17:33,None,,,0,0,0,0,0,0,0,23.91,-1000,10.91,4.39,0,0
2024-06-07 09:17:35,07:17:34,None,,,0,0,0,0,0,0,0,23.87,-1000,11.74,4.39,0,-1
2024-06-07 09:17:35,07:17:34,None,,,0,0,0,0,0,0,0,23.81,-1000,11.9,4.38,0,-1
2024-06-07 09:17:35,07:17:34,None,,,0,0,0,0,0,0,0,23.84,-1000,10.91,4.39,0,-1
2024-06-07 09:17:35,07:17:34,None,,,0,0,0,0,0,0,0,23.84,-1000,11.96,4.38,0,-1
2024-06-07 09:17:35,07:17:34,None,,,0,0,0,0,0,0,0,23.91,-1000,11.66,4.39,0,0
2024-06-07 09:17:36,07:17:35,None,,,0,0,0,0,0,0,0,23.87,-1000,10.94,4.39,0,-1
2024-06-07 09:17:36,07:17:35,None,,,0,0,0,0,0,0,0,23.91,-1000,12.12,4.39,0,-1
2024-06-07 09:17:36,07:17:35,None,,,0,0,0,0,0,0,0,23.81,-1000,11.43,4.39,0,-1
2024-06-07 09:17:36,07:17:35,None,,,0,0,0,0,0,0,0,23.91,-1000,11.1,4.39,0,-1
2024-06-07 09:17:36,07:17:36,None,,,0,0,0,0,0,0,0,23.87,-1000,12.18,4.39,0,0
2024-06-07 09:17:37,07:17:36,None,,,0,0,0,0,0,0,0,23.87,-1000,11.21,4.39,0,-1
2024-06-07 09:17:37,07:17:36,None,,,0,0,0,0,0,0,0,23.84,-1000,11.3,4.39,0,-1
2024-06-07 09:17:37,07:17:36,None,,,0,0,0,0,0,0,0,23.87,-1000,12.15,4.39,0,-1
2024-06-07 09:17:37,07:17:36,None,,,0,0,0,0,0,0,0,23.84,-1000,11.05,4.39,0,-1
2024-06-07 09:17:37,07:17:37,None,,,0,0,0,0,0,0,0,23.84,-1000,11.57,4.39,0,0
2024-06-07 09:17:38,07:17:37,None,,,0,0,0,0,0,0,0,23.87,-1000,12.07,4.39,0,-1
2024-06-07 09:17:38,07:17:37,None,,,0,0,0,0,0,0,0,23.84,-1000,10.91,4.39,0,-1
2024-06-07 09:17:38,07:17:37,None,,,0,0,0,0,0,0,0,23.84,-1000,11.82,4.38,0,-1
2024-06-07 09:17:38,07:17:37,None,,,0,0,0,0,0,0,0,23.81,-1000,11.85,4.39,0,-1
2024-06-07 09:17:38,07:17:38,None,,,0,0,0,0,0,0,0,23.91,-1000,10.91,4.39,0,0
2024-06-07 09:17:39,07:17:38,None,,,0,0,0,0,0,0,0,23.87,-1000,11.99,4.39,0,-1
2024-06-07 09:17:39,07:17:38,None,,,0,0,0,0,0,0,0,23.87,-1000,11.63,4.39,0,-1
2024-06-07 09:17:39,07:17:38,None,,,0,0,0,0,0,0,0,23.87,-1000,10.99,4.39,0,-1
2024-06-07 09:17:39,07:17:38,None,,,0,0,0,0,0,0,0,23.87,-1000,12.15,4.39,0,-1
2024-06-07 09:17:40,07:17:39,None,,,0,0,0,0,0,0,0,23.84,-1000,11.35,4.39,50,0
2024-06-07 09:17:40,07:17:39,None,,,0,0,0,0,0,0,0,23.91,-1000,11.19,4.39,0,-1
2024-06-07 09:17:40,07:17:39,None,,,0,0,0,0,0,0,0,23.87,-1000,12.18,4.39,0,-1
2024-06-07 09:17:40,07:17:39,None,,,0,0,0,0,0,0,0,23.87,-1000,11.1,4.39,0,-1
2024-06-07 09:17:40,07:17:39,None,,,0,0,0,0,0,0,0,23.87,-1000,11.46,4.39,0,-1
2024-06-07 09:17:41,07:17:40,None,,,0,0,0,0,0,0,0,23.84,-1000,12.1,4.39,0,0
2024-06-07 09:17:41,07:17:40,None,,,0,0,0,0,0,0,0,23.87,-1000,10.97,4.39,0,-1
2024-06-07 09:17:41,07:17:40,None,,,0,0,0,0,0,0,0,23.87,-1000,11.71,4.38,0,-1
2024-06-07 09:17:41,07:17:40,None,,,0,0,0,0,0,0,0,23.84,-1000,11.93,4.39,0,-1
2024-06-07 09:17:41,07:17:41,None,,,0,0,0,0,0,0,0,23.87,-1000,10.91,4.39,0,-1
2024-06-07 09:17:42,07:17:41,None,,,0,0,0,0,0,0,0,23.84,-1000,11.93,4.39,0,0
2024-06-07 09:17:42,07:17:41,None,,,0,0,0,0,0,0,0,23.87,-1000,11.74,4.39,0,-1
2024-06-07 09:17:42,07:17:41,None,,,0,0,0,0,0,0,0,23.87,-1000,10.94,4.39,0,-1
2024-06-07 09:17:42,07:17:41,None,,,0,0,0,0,0,0,0,23.87,-1000,12.12,4.39,0,-1
2024-06-07 09:17:42,07:17:42,None,,,0,0,0,0,0,0,0,23.87,-1000,11.43,4.39,0,-1
2024-06-07 09:17:43,07:17:42,None,,,0,0,0,0,0,0,0,23.91,-1000,11.1,4.39,0,0
2024-06-07 09:17:43,07:17:42,None,,,0,0,0,0,0,0,0,23.91,-1000,12.18,4.39,0,-1
2024-06-07 09:17:43,07:17:42,None,,,0,0,0,0,0,0,0,23.81,-1000,11.19,4.39,22,-1
2024-06-07 09:17:43,07:17:42,None,,,0,0,0,0,0,0,0,23.87,-1000,11.38,4.39,0,-1
2024-06-07 09:17:43,07:17:43,None,,,0,0,0,0,0,0,0,23.87,-1000,12.12,4.39,0,-1
2024-06-07 09:17:44,07:17:43,None,,,0,0,0,0,0,0,0,23.84,-1000,10.97,4.39,0,0
2024-06-07 09:17:44,07:17:43,None,,,0,0,0,0,0,0,0,23.84,-1000,11.63,4.39,50,-1
2024-06-07 09:17:44,07:17:43,None,,,0,0,0,0,0,0,0,23.81,-1000,11.96,4.39,0,-1
2024-06-07 09:17:44,07:17:43,None,,,0,0,0,0,0,0,0,23.87,-1000,10.91,4.39,0,-1
2024-06-07 09:17:44,07:17:44,None,,,0,0,0,0,0,0,0,23.81,-1000,11.96,4.37,22,-1
2024-06-07 09:17:45,07:17:44,None,,,0,0,0,0,0,0,0,23.87,-1000,11.63,4.39,0,0
2024-06-07 09:17:45,07:17:44,None,,,0,0,0,0,0,0,0,23.84,-1000,10.97,4.39,0,-1
2024-06-07 09:17:45,07:17:44,None,,,0,0,0,0,0,0,0,23.84,-1000,12.15,4.39,0,-1
2024-06-07 09:17:45,07:17:44,None,,,0,0,0,0,0,0,0,23.81,-1000,11.35,4.38,0,-1
2024-06-07 09:17:46,07:17:45,None,,,0,0,0,0,0,0,0,23.87,-1000,11.19,4.39,0,-1
2024-06-07 09:17:46,07:17:45,None,,,0,0,0,0,0,0,0,23.87,-1000,12.18,4.39,0,0
2024-06-07 09:17:46,07:17:45,None,,,0,0,0,0,0,0,0,23.81,-1000,11.08,4.39,0,-1
2024-06-07 09:17:46,07:17:45,None,,,0,0,0,0,0,0,0,23.81,-1000,11.43,4.39,0,-1
2024-06-07 09:17:46,07:17:45,None,,,0,0,0,0,0,0,0,23.87,-1000,12.12,4.39,0,-1
2024-06-07 09:17:47,07:17:46,None,,,0,0,0,0,0,0,0,23.81,-1000,10.94,4.39,0,-1
2024-06-07 09:17:47,07:17:46,None,,,0,0,0,0,0,0,0,23.84,-1000,11.77,4.38,0,0
2024-06-07 09:17:47,07:17:46,None,,,0,0,0,0,0,0,0,23.84,-1000,11.93,4.39,0,-1
2024-06-07 09:17:47,07:17:46,None,,,0,0,0,0,0,0,0,23.84,-1000,10.91,4.39,0,-1
2024-06-07 09:17:47,07:17:47,None,,,0,0,0,0,0,0,0,23.81,-1000,11.99,4.39,0,-1
2024-06-07 09:17:48,07:17:47,None,,,0,0,0,0,0,0,0,23.81,-1000,11.66,4.39,0,-1
2024-06-07 09:17:48,07:17:47,None,,,0,0,0,0,0,0,0,23.84,-1000,10.99,4.39,0,0
2024-06-07 09:17:48,07:17:47,None,,,0,0,0,0,0,0,0,23.81,-1000,12.15,4.39,0,-1
2024-06-07 09:17:48,07:17:47,None,,,0,0,0,0,0,0,0,23.84,-1000,11.38,4.39,0,-1
2024-06-07 09:17:48,07:17:48,None,,,0,0,0,0,0,0,0,23.81,-1000,11.19,4.39,0,-1
2024-06-07 09:17:49,07:17:48,None,,,0,0,0,0,0,0,0,23.87,-1000,12.21,4.39,0,-1
2024-06-07 09:17:49,07:17:48,None,,,0,0,0,0,0,0,0,23.84,-1000,11.1,4.39,0,0
2024-06-07 09:17:49,07:17:48,None,,,0,0,0,0,0,0,0,23.84,-1000,11.43,4.39,0,-1
2024-06-07 09:17:49,07:17:48,None,,,0,0,0,0,0,0,0,23.91,-1000,12.12,4.39,0,-1
2024-06-07 09:17:49,07:17:49,None,,,0,0,0,0,0,0,0,23.81,-1000,10.94,4.39,0,-1
2024-06-07 09:17:50,07:17:49,None,,,0,0,0,0,0,0,0,23.84,-1000,11.77,4.39,0,-1
2024-06-07 09:17:50,07:17:49,None,,,0,0,0,0,0,0,0,23.87,-1000,11.9,4.39,0,0
2024-06-07 09:17:50,07:17:49,None,,,0,0,0,0,0,0,0,23.81,-1000,10.91,4.39,0,-1
2024-06-07 09:17:50,07:17:49,None,,,0,0,0,0,0,0,0,23.84,-1000,11.99,4.39,0,-1
2024-06-07 09:17:50,07:17:50,None,,,0,0,0,0,0,0,0,23.87,-1000,11.63,4.39,0,-1
2024-06-07 09:17:51,07:17:50,None,,,0,0,0,0,0,0,0,23.77,-1000,10.99,4.39,0,-1
2024-06-07 09:17:51,07:17:50,None,,,0,0,0,0,0,0,0,23.87,-1000,12.18,4.39,0,0
2024-06-07 09:17:51,07:17:50,None,,,0,0,0,0,0,0,0,23.84,-1000,11.3,4.39,0,-1
2024-06-07 09:17:51,07:17:50,None,,,0,0,0,0,0,0,0,23.87,-1000,11.21,4.39,0,-1
2024-06-07 09:17:52,07:17:51,None,,,0,0,0,0,0,0,0,23.84,-1000,12.18,4.39,0,-1
2024-06-07 09:17:52,07:17:51,None,,,0,0,0,0,0,0,0,23.84,-1000,11.02,4.39,0,-1
2024-06-07 09:17:52,07:17:51,None,,,0,0,0,0,0,0,0,23.94,-1000,11.52,4.39,0,0
2024-06-07 09:17:52,07:17:51,None,,,0,0,0,0,0,0,0,23.87,-1000,12.1,4.39,0,-1
2024-06-07 09:17:52,07:17:51,None,,,0,0,0,0,0,0,0,23.91,-1000,10.91,4.39,0,-1
2024-06-07 09:17:53,07:17:52,None,,,0,0,0,0,0,0,0,23.87,-1000,11.77,4.39,0,-1
2024-06-07 09:17:53,07:17:52,None,,,0,0,0,0,0,0,0,23.84,-1000,11.85,4.39,0,-1
2024-06-07 09:17:53,07:17:52,None,,,0,0,0,0,0,0,0,23.84,-1000,10.91,4.39,0,0
2024-06-07 09:17:53,07:17:52,None,,,0,0,0,0,0,0,0,23.81,-1000,11.99,4.39,0,-1
2024-06-07 09:17:53,07:17:53,None,,,0,0,0,0,0,0,0,23.84,-1000,11.6,4.39,0,-1
2024-06-07 09:17:54,07:17:53,None,,,0,0,0,0,0,0,0,23.87,-1000,11.02,4.39,0,-1
2024-06-07 09:17:54,07:17:53,None,,,0,0,0,0,0,0,0,23.87,-1000,12.18,4.39,0,-1
2024-06-07 09:17:54,07:17:53,None,,,0,0,0,0,0,0,0,23.87,-1000,11.27,4.4,0,0
2024-06-07 09:17:54,07:17:53,None,,,0,0,0,0,0,0,0,23.84,-1000,11.21,4.39,0,-1
2024-06-07 09:17:54,07:17:54,None,,,0,0,0,0,0,0,0,23.77,-1000,12.18,4.39,0,-1
2024-06-07 09:17:55,07:17:54,None,,,0,0,0,0,0,0,0,23.87,-1000,11.08,4.39,0,-1
2024-06-07 09:17:55,07:17:54,None,,,0,0,0,0,0,0,0,23.84,-1000,11.52,4.39,0,-1
2024-06-07 09:17:55,07:17:54,None,,,0,0,0,0,0,0,0,23.87,-1000,12.07,4.39,0,0
2024-06-07 09:17:55,07:17:54,None,,,0,0,0,0,0,0,0,23.81,-1000,10.94,4.39,0,-1
2024-06-07 09:17:55,07:17:55,None,,,0,0,0,0,0,0,0,23.84,-1000,11.79,4.39,0,-1
2024-06-07 09:17:56,07:17:55,None,,,0,0,0,0,0,0,0,23.81,-1000,11.85,4.39,0,-1
2024-06-07 09:17:56,07:17:55,None,,,0,0,0,0,0,0,0,23.81,-1000,10.91,4.39,0,-1
2024-06-07 09:17:56,07:17:55,None,,,0,0,0,0,0,0,0,23.87,-1000,12.01,4.39,0,0
2024-06-07 09:17:56,07:17:55,None,,,0,0,0,0,0,0,0,23.91,-1000,11.6,4.39,0,-1
2024-06-07 09:17:56,07:17:56,None,,,0,0,0,0,0,0,0,23.84,-1000,11.02,4.39,0,-1
2024-06-07 09:17:57,07:17:56,None,,,0,0,0,0,0,0,0,23.84,-1000,12.18,4.39,0,-1
2024-06-07 09:17:57,07:17:56,None,,,0,0,0,0,0,0,0,23.84,-1000,11.27,4.39,0,-1
2024-06-07 09:17:57,07:17:56,None,,,0,0,0,0,0,0,0,23.87,-1000,11.27,4.39,0,0
2024-06-07 09:17:57,07:17:56,None,,,0,0,0,0,0,0,0,23.87,-1000,12.18,4.39,0,-1
2024-06-07 09:17:58,07:17:57,None,,,0,0,0,0,0,0,0,23.87,-1000,11.13,4.39,0,-1
2024-06-07 09:17:58,07:17:57,None,,,0,0,0,0,0,0,0,23.84,-1000,11.52,4.39,0,-1
2024-06-07 09:17:58,07:17:57,None,,,0,0,0,0,0,0,0,23.84,-1000,12.07,4.39,0,-1
2024-06-07 09:17:58,07:17:57,None,,,0,0,0,0,0,0,0,23.94,-1000,10.91,4.39,0,0
2024-06-07 09:17:58,07:17:58,None,,,0,0,0,0,0,0,0,23.84,-1000,11.79,4.39,22,-1
2024-06-07 09:17:59,07:17:58,None,,,0,0,0,0,0,0,0,23.84,-1000,11.82,4.39,0,-1
2024-06-07 09:17:59,07:17:58,None,,,0,0,0,0,0,0,0,23.87,-1000,10.91,4.39,0,-1
2024-06-07 09:17:59,07:17:58,None,,,0,0,0,0,0,0,0,23.81,-1000,12.1,4.39,0,-1
2024-06-07 09:17:59,07:17:58,None,,,0,0,0,0,0,0,0,23.84,-1000,11.49,4.39,0,0
2024-06-07 09:17:59,07:17:59,None,,,0,0,0,0,0,0,0,23.87,-1000,11.05,4.39,0,-1
2024-06-07 09:18:00,07:17:59,None,,,0,0,0,0,0,0,0,23.94,-1000,12.18,4.39,0,-1
2024-06-07 09:18:00,07:17:59,None,,,0,0,0,0,0,0,0,23.81,-1000,11.21,4.39,0,-1
2024-06-07 09:18:00,07:17:59,None,,,0,0,0,0,0,0,0,23.84,-1000,11.3,4.39,0,-1
2024-06-07 09:18:00,07:17:59,None,,,0,0,0,0,0,0,0,23.84,-1000,12.18,4.39,0,0
2024-06-07 09:18:00,07:18:00,None,,,0,0,0,0,0,0,0,23.81,-1000,11.05,4.39,0,-1
2024-06-07 09:18:01,07:18:00,None,,,0,0,0,0,0,0,0,23.84,-1000,11.54,4.39,0,-1
2024-06-07 09:18:01,07:18:00,None,,,0,0,0,0,0,0,0,23.87,-1000,12.04,4.39,0,-1
2024-06-07 09:18:01,07:18:00,None,,,0,0,0,0,0,0,0,23.84,-1000,10.91,4.39,0,-1
2024-06-07 09:18:01,07:18:00,None,,,0,0,0,0,0,0,0,23.91,-1000,11.85,4.38,0,0
2024-06-07 09:18:01,07:18:01,None,,,0,0,0,0,0,0,0,23.84,-1000,11.85,4.39,0,-1
2024-06-07 09:18:02,07:18:01,None,,,0,0,0,0,0,0,0,23.87,-1000,10.91,4.39,0,-1
2024-06-07 09:18:02,07:18:01,None,,,0,0,0,0,0,0,0,23.87,-1000,12.04,4.38,0,-1
2024-06-07 09:18:02,07:18:01,None,,,0,0,0,0,0,0,0,23.81,-1000,11.54,4.39,0,-1
2024-06-07 09:18:02,07:18:01,None,,,0,0,0,0,0,0,0,23.84,-1000,10.99,4.39,0,0
2024-06-07 09:18:02,07:18:02,None,,,0,0,0,0,0,0,0,23.84,-1000,12.18,4.39,0,-1
2024-06-07 09:18:03,07:18:02,None,,,0,0,0,0,0,0,0,23.94,-1000,11.27,4.39,22,-1
2024-06-07 09:18:03,07:18:02,None,,,0,0,0,0,0,0,0,23.84,-1000,11.3,4.39,0,-1
2024-06-07 09:18:03,07:18:02,None,,,0,0,0,0,0,0,0,23.87,-1000,12.18,4.39,0,-1
2024-06-07 09:18:03,07:18:02,None,,,0,0,0,0,0,0,0,23.84,-1000,10.99,4.39,0,0
2024-06-07 09:18:04,07:18:03,None,,,0,0,0,0,0,0,0,23.84,-1000,11.57,4.39,0,-1
2024-06-07 09:18:04,07:18:03,None,,,0,0,0,0,0,0,0,23.81,-1000,12.04,4.39,0,-1
2024-06-07 09:18:04,07:18:03,None,,,0,0,0,0,0,0,0,23.91,-1000,10.91,4.39,0,-1
2024-06-07 09:18:04,07:18:03,None,,,0,0,0,0,0,0,0,23.87,-1000,11.85,4.39,0,-1
2024-06-07 09:18:04,07:18:04,None,,,0,0,0,0,0,0,0,23.91,-1000,11.77,4.39,0,0
2024-06-07 09:18:05,07:18:04,None,,,0,0,0,0,0,0,0,23.87,-1000,10.94,4.39,0,-1
2024-06-07 09:18:05,07:18:04,None,,,0,0,0,0,0,0,0,23.84,-1000,12.1,4.39,0,-1
2024-06-07 09:18:05,07:18:04,None,,,0,0,0,0,0,0,0,23.84,-1000,11.49,4.39,0,-1
2024-06-07 09:18:05,07:18:04,None,,,0,0,0,0,0,0,0,23.84,-1000,11.1,4.39,0,-1
2024-06-07 09:18:05,07:18:05,None,,,0,0,0,0,0,0,0,23.84,-1000,12.18,4.39,0,0
2024-06-07 09:18:06,07:18:05,None,,,0,0,0,0,0,0,0,23.87,-1000,11.19,4.39,0,-1
2024-06-07 09:18:06,07:18:05,None,,,0,0,0,0,0,0,0,23.91,-1000,11.35,4.39,0,-1
2024-06-07 09:18:06,07:18:05,None,,,0,0,0,0,0,0,0,23.87,-1000,12.15,4.39,0,-1
2024-06-07 09:18:06,07:18:05,None,,,0,0,0,0,0,0,0,23.87,-1000,10.99,4.39,0,-1
2024-06-07 09:18:06,07:18:06,None,,,0,0,0,0,0,0,0,23.87,-1000,11.66,4.39,0,0
2024-06-07 09:18:07,07:18:06,None,,,0,0,0,0,0,0,0,23.84,-1000,12.01,4.39,0,-1
2024-06-07 09:18:07,07:18:06,None,,,0,0,0,0,0,0,0,23.81,-1000,10.91,4.39,0,-1
2024-06-07 09:18:07,07:18:06,None,,,0,0,0,0,0,0,0,23.84,-1000,11.9,4.39,0,-1
2024-06-07 09:18:07,07:18:06,None,,,0,0,0,0,0,0,0,23.84,-1000,11.71,4.39,0,-1
2024-06-07 09:18:07,07:18:07,None,,,0,0,0,0,0,0,0,23.91,-1000,10.97,4.39,22,0
2024-06-07 09:18:08,07:18:07,None,,,0,0,0,0,0,0,0,23.84,-1000,12.12,4.39,0,-1
2024-06-07 09:18:08,07:18:07,None,,,0,0,0,0,0,0,0,23.87,-1000,11.38,4.39,0,-1
2024-06-07 09:18:08,07:18:07,None,,,0,0,0,0,0,0,0,23.84,-1000,11.16,4.39,22,-1
2024-06-07 09:18:08,07:18:07,None,,,0,0,0,0,0,0,0,23.84,-1000,12.18,4.39,0,-1
2024-06-07 09:18:08,07:18:08,None,,,0,0,0,0,0,0,0,23.77,-1000,11.05,4.39,0,0
2024-06-07 09:18:09,07:18:08,None,,,0,0,0,0,0,0,0,23.84,-1000,11.43,4.39,0,-1
2024-06-07 09:18:09,07:18:08,None,,,0,0,0,0,0,0,0,23.87,-1000,12.12,4.39,0,-1
2024-06-07 09:18:09,07:18:08,None,,,0,0,0,0,0,0,0,23.87,-1000,10.94,4.39,0,-1
2024-06-07 09:18:09,07:18:08,None,,,0,0,0,0,0,0,0,23.84,-1000,11.74,4.38,0,-1
2024-06-07 09:18:10,07:18:09,None,,,0,0,0,0,0,0,0,23.91,-1000,11.9,4.39,0,0
2024-06-07 09:18:10,07:18:09,None,,,0,0,0,0,0,0,0,23.91,-1000,10.91,4.39,0,-1
2024-06-07 09:18:10,07:18:09,None,,,0,0,0,0,0,0,0,23.87,-1000,11.93,4.39,0,-1
2024-06-07 09:18:10,07:18:09,None,,,0,0,0,0,0,0,0,23.91,-1000,11.66,4.39,0,-1
2024-06-07 09:18:10,07:18:10,None,,,0,0,0,0,0,0,0,23.91,-1000,10.97,4.38,0,-1
2024-06-07 09:18:11,07:18:10,None,,,0,0,0,0,0,0,0,23.84,-1000,12.15,4.39,0,0
2024-06-07 09:18:11,07:18:10,None,,,0,0,0,0,0,0,0,23.87,-1000,11.38,4.39,0,-1
2024-06-07 09:18:11,07:18:10,None,,,0,0,0,0,0,0,0,23.84,-1000,11.16,4.39,0,-1
2024-06-07 09:18:11,07:18:10,None,,,0,0,0,0,0,0,0,23.87,-1000,12.18,4.39,0,-1
2024-06-07 09:18:11,07:18:11,None,,,0,0,0,0,0,0,0,23.87,-1000,11.08,4.39,0,-1
2024-06-07 09:18:12,07:18:11,None,,,0,0,0,0,0,0,0,23.84,-1000,11.43,4.38,0,0
2024-06-07 09:18:12,07:18:11,None,,,0,0,0,0,0,0,0,23.77,-1000,12.12,4.39,0,-1
2024-06-07 09:18:12,07:18:11,None,,,0,0,0,0,0,0,0,23.84,-1000,10.97,4.39,0,-1
2024-06-07 09:18:12,07:18:11,None,,,0,0,0,0,0,0,0,23.87,-1000,11.71,4.39,0,-1
2024-06-07 09:18:12,07:18:12,None,,,0,0,0,0,0,0,0,23.87,-1000,11.93,4.39,0,-1
2024-06-07 09:18:13,07:18:12,None,,,0,0,0,0,0,0,0,23.87,-1000,10.91,4.39,0,0
2024-06-07 09:18:13,07:18:12,None,,,0,0,0,0,0,0,0,23.87,-1000,11.93,4.39,0,-1
2024-06-07 09:18:13,07:18:12,None,,,0,0,0,0,0,0,0,23.87,-1000,11.68,4.38,0,-1
2024-06-07 09:18:13,07:18:12,None,,,0,0,0,0,0,0,0,23.87,-1000,10.97,4.39,0,-1
2024-06-07 09:18:13,07:18:13,None,,,0,0,0,0,0,0,0,23.84,-1000,12.12,4.39,0,-1
2024-06-07 09:18:14,07:18:13,None,,,0,0,0,0,0,0,0,23.87,-1000,11.41,4.39,22,0
2024-06-07 09:18:14,07:18:13,None,,,0,0,0,0,0,0,0,23.87,-1000,11.16,4.39,0,-1
2024-06-07 09:18:14,07:18:13,None,,,0,0,0,0,0,0,0,23.81,-1000,12.18,4.39,0,-1
2024-06-07 09:18:14,07:18:13,None,,,0,0,0,0,0,0,0,23.81,-1000,11.21,4.39,0,-1
2024-06-07 09:18:15,07:18:14,None,,,0,0,0,0,0,0,0,23.91,-1000,11.41,4.39,0,-1
2024-06-07 09:18:15,07:18:14,None,,,0,0,0,0,0,0,0,23.87,-1000,12.12,4.39,0,0
2024-06-07 09:18:15,07:18:14,None,,,0,0,0,0,0,0,0,23.87,-1000,10.97,4.39,0,-1
2024-06-07 09:18:15,07:18:14,None,,,0,0,0,0,0,0,0,23.87,-1000,11.66,4.39,22,-1
2024-06-07 09:18:15,07:18:14,None,,,0,0,0,0,0,0,0,23.77,-1000,11.93,4.39,0,-1
2024-06-07 09:18:16,07:18:15,None,,,0,0,0,0,0,0,0,23.84,-1000,10.88,4.39,0,-1
2024-06-07 09:18:16,07:18:15,None,,,0,0,0,0,0,0,0,23.84,-1000,11.96,4.38,0,0
2024-06-07 09:18:16,07:18:15,None,,,0,0,0,0,0,0,0,23.84,-1000,11.74,4.39,0,-1
2024-06-07 09:18:16,07:18:15,None,,,0,0,0,0,0,0,0,23.91,-1000,10.94,4.39,0,-1
2024-06-07 09:18:16,07:18:16,None,,,0,0,0,0,0,0,0,23.84,-1000,12.1,4.39,0,-1
2024-06-07 09:18:17,07:18:16,None,,,0,0,0,0,0,0,0,23.84,-1000,11.46,4.39,0,-1
2024-06-07 09:18:17,07:18:16,None,,,0,0,0,0,0,0,0,23.77,-1000,11.08,4.39,0,0
2024-06-07 09:18:17,07:18:16,None,,,0,0,0,0,0,0,0,23.91,-1000,12.18,4.39,0,-1
2024-06-07 09:18:17,07:18:16,None,,,0,0,0,0,0,0,0,23.87,-1000,11.19,4.39,0,-1
2024-06-07 09:18:17,07:18:17,None,,,0,0,0,0,0,0,0,23.87,-1000,11.3,4.39,0,-1
2024-06-07 09:18:18,07:18:17,None,,,0,0,0,0,0,0,0,23.87,-1000,12.18,4.39,0,-1
2024-06-07 09:18:18,07:18:17,None,,,0,0,0,0,0,0,0,23.87,-1000,11.02,4.39,0,0
2024-06-07 09:18:18,07:18:17,None,,,0,0,0,0,0,0,0,23.87,-1000,11.52,4.38,0,-1
2024-06-07 09:18:18,07:18:17,None,,,0,0,0,0,0,0,0,23.81,-1000,12.07,4.39,0,-1
2024-06-07 09:18:18,07:18:18,None,,,0,0,0,0,0,0,0,23.81,-1000,10.91,4.39,0,-1
2024-06-07 09:18:19,07:18:18,None,,,0,0,0,0,0,0,0,23.91,-1000,11.82,4.39,0,-1
2024-06-07 09:18:19,07:18:18,None,,,0,0,0,0,0,0,0,23.87,-1000,11.88,4.39,0,0
2024-06-07 09:18:19,07:18:18,None,,,0,0,0,0,0,0,0,23.84,-1000,10.91,4.39,0,-1
2024-06-07 09:18:19,07:18:18,None,,,0,0,0,0,0,0,0,23.81,-1000,12.04,4.39,0,-1
2024-06-07 09:18:19,07:18:19,None,,,0,0,0,0,0,0,0,23.87,-1000,11.63,4.39,0,-1
2024-06-07 09:18:20,07:18:19,None,,,0,0,0,0,0,0,0,23.87,-1000,10.97,4.39,0,-1
2024-06-07 09:18:20,07:18:19,None,,,0,0,0,0,0,0,0,23.84,-1000,12.15,4.39,0,0
2024-06-07 09:18:20,07:18:19,None,,,0,0,0,0,0,0,0,23.87,-1000,11.41,4.39,0,-1
2024-06-07 09:18:20,07:18:19,None,,,0,0,0,0,0,0,0,23.81,-1000,11.1,4.39,22,-1
2024-06-07 09:18:21,07:18:20,None,,,0,0,0,0,0,0,0,23.87,-1000,12.18,4.39,0,-1
2024-06-07 09:18:21,07:18:20,None,,,0,0,0,0,0,0,0,23.84,-1000,11.19,4.39,0,-1
2024-06-07 09:18:21,07:18:20,None,,,0,0,0,0,0,0,0,23.87,-1000,11.38,4.39,0,0
2024-06-07 09:18:21,07:18:20,None,,,0,0,0,0,0,0,0,23.84,-1000,12.15,4.39,0,-1
2024-06-07 09:18:21,07:18:20,None,,,0,0,0,0,0,0,0,23.84,-1000,10.99,4.39,0,-1
2024-06-07 09:18:22,07:18:21,None,,,0,0,0,0,0,0,0,23.81,-1000,11.6,4.39,0,-1
2024-06-07 09:18:22,07:18:21,None,,,0,0,0,0,0,0,0,23.84,-1000,12.04,4.39,0,-1
2024-06-07 09:18:22,07:18:21,None,,,0,0,0,0,0,0,0,23.84,-1000,10.91,4.39,0,0
2024-06-07 09:18:22,07:18:21,None,,,0,0,0,0,0,0,0,23.87,-1000,11.79,4.39,0,-1
2024-06-07 09:18:22,07:18:22,None,,,0,0,0,0,0,0,0,23.81,-1000,11.88,4.39,0,-1
2024-06-07 09:18:23,07:18:22,None,,,0,0,0,0,0,0,0,23.87,-1000,10.91,4.39,0,-1
2024-06-07 09:18:23,07:18:22,None,,,0,0,0,0,0,0,0,23.91,-1000,11.99,4.39,0,-1
2024-06-07 09:18:23,07:18:22,None,,,0,0,0,0,0,0,0,23.84,-1000,11.66,4.39,0,0
2024-06-07 09:18:23,07:18:22,None,,,0,0,0,0,0,0,0,23.94,-1000,10.97,4.39,0,-1
2024-06-07 09:18:23,07:18:23,None,,,0,0,0,0,0,0,0,23.87,-1000,12.12,4.39,0,-1
2024-06-07 09:18:24,07:18:23,None,,,0,0,0,0,0,0,0,23.91,-1000,11.43,4.39,0,-1
2024-06-07 09:18:24,07:18:23,None,,,0,0,0,0,0,0,0,23.87,-1000,11.1,4.39,0,-1
2024-06-07 09:18:24,07:18:23,None,,,0,0,0,0,0,0,0,23.84,-1000,12.18,4.39,0,0
2024-06-07 09:18:24,07:18:23,None,,,0,0,0,0,0,0,0,23.81,-1000,11.24,4.39,133,-1
2024-06-07 09:18:24,07:18:24,None,,,0,0,0,0,0,0,0,23.84,-1000,11.35,4.39,0,-1
2024-06-07 09:18:25,07:18:24,None,,,0,0,0,0,0,0,0,23.94,-1000,12.15,4.39,0,-1
2024-06-07 09:18:25,07:18:24,None,,,0,0,0,0,0,0,0,23.81,-1000,10.99,4.39,0,-1
2024-06-07 09:18:25,07:18:24,None,,,0,0,0,0,0,0,0,23.87,-1000,11.6,4.39,50,0
2024-06-07 09:18:25,07:18:24,None,,,0,0,0,0,0,0,0,23.84,-1000,12.01,4.39,0,-1
2024-06-07 09:18:25,07:18:25,None,,,0,0,0,0,0,0,0,23.87,-1000,10.91,4.39,0,-1
2024-06-07 09:18:26,07:18:25,None,,,0,0,0,0,0,0,0,23.87,-1000,11.88,4.39,0,-1
2024-06-07 09:18:26,07:18:25,None,,,0,0,0,0,0,0,0,23.84,-1000,11.82,4.39,0,-1
2024-06-07 09:18:26,07:18:25,None,,,0,0,0,0,0,0,0,23.84,-1000,10.91,4.39,0,0
2024-06-07 09:18:26,07:18:25,None,,,0,0,0,0,0,0,0,23.87,-1000,12.01,4.38,0,-1
2024-06-07 09:18:27,07:18:26,None,,,0,0,0,0,0,0,0,23.81,-1000,11.63,4.39,0,-1
2024-06-07 09:18:27,07:18:26,None,,,0,0,0,0,0,0,0,23.84,-1000,10.97,4.38,0,-1
2024-06-07 09:18:27,07:18:26,None,,,0,0,0,0,0,0,0,23.77,-1000,12.15,4.39,0,-1
2024-06-07 09:18:27,07:18:26,None,,,0,0,0,0,0,0,0,23.84,-1000,11.38,4.39,0,0
2024-06-07 09:18:27,07:18:27,None,,,0,0,0,0,0,0,0,23.81,-1000,11.1,4.39,0,-1
2024-06-07 09:18:28,07:18:27,None,,,0,0,0,0,0,0,0,23.81,-1000,12.21,4.39,0,-1
2024-06-07 09:18:28,07:18:27,None,,,0,0,0,0,0,0,0,23.84,-1000,11.19,4.39,0,-1
2024-06-07 09:18:28,07:18:27,None,,,0,0,0,0,0,0,0,23.87,-1000,11.32,4.39,0,-1
2024-06-07 09:18:28,07:18:27,None,,,0,0,0,0,0,0,0,23.84,-1000,12.18,4.39,0,0
2024-06-07 09:18:28,07:18:28,None,,,0,0,0,0,0,0,0,23.81,-1000,11.05,4.39,0,-1
2024-06-07 09:18:29,07:18:28,None,,,0,0,0,0,0,0,0,23.87,-1000,11.52,4.39,0,-1
2024-06-07 09:18:29,07:18:28,None,,,0,0,0,0,0,0,0,23.87,-1000,12.1,4.39,0,-1
2024-06-07 09:18:29,07:18:28,None,,,0,0,0,0,0,0,0,23.91,-1000,10.94,4.39,0,-1
2024-06-07 09:18:29,07:18:28,None,,,0,0,0,0,0,0,0,23.87,-1000,11.68,4.38,0,0
2024-06-07 09:18:29,07:18:29,None,,,0,0,0,0,0,0,0,23.81,-1000,11.93,4.39,0,-1
2024-06-07 09:18:30,07:18:29,None,,,0,0,0,0,0,0,0,23.87,-1000,10.91,4.39,0,-1
2024-06-07 09:18:30,07:18:29,None,,,0,0,0,0,0,0,0,23.81,-1000,11.93,4.4,0,-1
2024-06-07 09:18:30,07:18:29,None,,,0,0,0,0,0,0,0,23.87,-1000,11.74,4.39,0,-1
2024-06-07 09:18:30,07:18:29,None,,,0,0,0,0,0,0,0,23.84,-1000,10.94,4.39,0,0
2024-06-07 09:18:30,07:18:30,None,,,0,0,0,0,0,0,0,23.81,-1000,12.04,4.39,0,-1
2024-06-07 09:18:31,07:18:30,None,,,0,0,0,0,0,0,0,23.81,-1000,11.54,4.39,0,-1
2024-06-07 09:18:31,07:18:30,None,,,0,0,0,0,0,0,0,23.91,-1000,11.02,4.39,0,-1
2024-06-07 09:18:31,07:18:30,None,,,0,0,0,0,0,0,0,23.84,-1000,12.18,4.39,0,-1
2024-06-07 09:18:31,07:18:30,None,,,0,0,0,0,0,0,0,23.84,-1000,11.3,4.39,0,0
2024-06-07 09:18:31,07:18:31,None,,,0,0,0,0,0,0,0,23.81,-1000,11.16,4.39,0,-1
2024-06-07 09:18:32,07:18:31,None,,,0,0,0,0,0,0,0,23.87,-1000,12.18,4.39,0,-1
2024-06-07 09:18:32,07:18:31,None,,,0,0,0,0,0,0,0,23.84,-1000,11.19,4.39,0,-1
2024-06-07 09:18:32,07:18:31,None,,,0,0,0,0,0,0,0,23.87,-1000,11.38,4.39,0,-1
2024-06-07 09:18:32,07:18:31,None,,,0,0,0,0,0,0,0,23.84,-1000,12.15,4.39,0,0
2024-06-07 09:18:33,07:18:32,None,,,0,0,0,0,0,0,0,23.87,-1000,10.99,4.38,0,-1
2024-06-07 09:18:33,07:18:32,None,,,0,0,0,0,0,0,0,23.87,-1000,11.63,4.39,0,-1
2024-06-07 09:18:33,07:18:32,None,,,0,0,0,0,0,0,0,23.84,-1000,12.04,4.39,0,-1
2024-06-07 09:18:33,07:18:32,None,,,0,0,0,0,0,0,0,23.91,-1000,10.91,4.39,0,-1
2024-06-07 09:18:33,07:18:33,None,,,0,0,0,0,0,0,0,23.84,-1000,11.79,4.39,0,0
2024-06-07 09:18:34,07:18:33,None,,,0,0,0,0,0,0,0,23.87,-1000,11.9,4.39,0,-1
2024-06-07 09:18:34,07:18:33,None,,,0,0,0,0,0,0,0,23.87,-1000,10.91,4.39,0,-1
2024-06-07 09:18:34,07:18:33,None,,,0,0,0,0,0,0,0,23.87,-1000,11.99,4.39,0,-1
2024-06-07 09:18:34,07:18:33,None,,,0,0,0,0,0,0,0,23.84,-1000,11.68,4.39,0,-1
2024-06-07 09:18:34,07:18:34,None,,,0,0,0,0,0,0,0,23.81,-1000,10.94,4.38,0,0
2024-06-07 09:18:35,07:18:34,None,,,0,0,0,0,0,0,0,23.87,-1000,12.1,4.39,0,-1
2024-06-07 09:18:35,07:18:34,None,,,0,0,0,0,0,0,0,23.84,-1000,11.49,4.39,0,-1
2024-06-07 09:18:35,07:18:34,None,,,0,0,0,0,0,0,0,23.77,-1000,11.05,4.39,0,-1
2024-06-07 09:18:35,07:18:34,None,,,0,0,0,0,0,0,0,23.84,-1000,12.18,4.39,0,-1
2024-06-07 09:18:35,07:18:35,None,,,0,0,0,0,0,0,0,23.81,-1000,11.27,4.38,22,0
2024-06-07 09:18:36,07:18:35,None,,,0,0,0,0,0,0,0,23.84,-1000,11.21,4.39,0,-1
2024-06-07 09:18:36,07:18:35,None,,,0,0,0,0,0,0,0,23.87,-1000,12.18,4.39,0,-1
2024-06-07 09:18:36,07:18:35,None,,,0,0,0,0,0,0,0,23.84,-1000,11.05,4.39,0,-1
2024-06-07 09:18:36,07:18:35,None,,,0,0,0,0,0,0,0,23.87,-1000,11.46,4.39,0,-1
2024-06-07 09:18:36,07:18:36,None,,,0,0,0,0,0,0,0,23.87,-1000,12.1,4.39,0,0
2024-06-07 09:18:37,07:18:36,None,,,0,0,0,0,0,0,0,23.84,-1000,10.97,4.39,0,-1
2024-06-07 09:18:37,07:18:36,None,,,0,0,0,0,0,0,0,23.81,-1000,11.68,4.39,0,-1
2024-06-07 09:18:37,07:18:36,None,,,0,0,0,0,0,0,0,23.87,-1000,11.99,4.39,0,-1
2024-06-07 09:18:37,07:18:36,None,,,0,0,0,0,0,0,0,23.84,-1000,10.91,4.39,0,-1
2024-06-07 09:18:46,07:18:45,None,,,0,0,0,0,0,0,0,23.84,-1000,11.93,4.38,0,0
2024-06-07 09:19:18,07:19:17,None,,,0,0,0,0,0,0,0,23.87,-1000,11.02,4.38,0,-1
2024-06-07 09:20:32,07:20:31,None,,,0,0,0,0,0,0,0,23.84,-1000,1138,0.0,0,0
2024-06-07 09:20:40,07:20:39,None,,,0,0,0,0,0,0,0,23.84,-1000,12.12,4.38,0,-1
2024-06-07 09:21:21,07:21:20,None,,,0,0,0,0,0,0,0,23.87,-1000,11.88,4.38,0,-1
2024-06-07 09:21:46,07:21:45,None,,,0,0,0,0,0,0,0,23.91,-1000,11.77,4.38,0,-1
2024-06-07 09:22:10,07:22:09,None,,,0,0,0,0,0,0,0,23.87,-1000,11.32,4.39,0,-1
2024-06-07 09:23:08,07:23:06,None,,,0,0,0,0,0,0,0,23.87,-1000,11.71,4.38,0,-1
2024-06-07 09:26:07,07:26:06,None,,,0,0,0,0,0,0,0,23.84,-1000,10.91,4.38,0,-1
2024-06-07 09:26:56,07:26:55,None,,,0,0,0,0,0,0,0,0.0,0.0,0.0,0.0,0.0,-1
