Backend_Time,ESP_Time,Temperature,pH,Turbidity_Voltage,O2
2024-05-26 17:35:57,15:35:56,-1000.00,11.52,4.47,0.00
2024-05-26 17:35:58,15:35:57,-1000.00,11.54,4.47,0.00
2024-05-26 17:36:00,15:35:59,-1000.00,11.54,4.47,0.00
2024-05-26 17:36:02,15:36:00,-1000.00,11.54,4.46,0.00
2024-05-26 17:36:03,15:36:02,-1000.00,11.54,4.47,0.00
2024-05-26 17:36:05,15:36:04,-1000.00,11.52,4.47,0.00
2024-05-26 17:36:07,15:36:05,-1000.00,11.54,4.47,0.00
2024-05-26 17:36:08,15:36:08,-1000.00,11.52,4.47,0.00
2024-05-26 17:36:10,15:36:09,-1000.00,11.54,4.47,0.00
2024-05-26 17:36:12,15:36:11,-1000.00,11.54,4.47,0.00
2024-05-26 17:36:14,15:36:13,-1000.00,11.54,4.47,0.00
2024-05-26 17:36:16,15:36:15,-1000.00,11.54,4.47,0.00
2024-05-26 17:36:17,15:36:17,-1000.00,11.54,4.47,0.00
2024-05-26 17:36:19,15:36:18,-1000.00,11.54,4.47,0.00
2024-05-26 17:36:21,15:36:20,-1000.00,11.54,4.47,0.00
2024-05-26 17:36:22,15:36:22,-1000.00,11.54,4.47,0.00
2024-05-26 17:36:24,15:36:23,-1000.00,11.54,4.47,0.00
2024-05-26 17:36:26,15:36:25,-1000.00,11.54,4.47,0.00
2024-05-26 17:36:27,15:36:27,-1000.00,11.52,4.47,0.00
2024-05-26 17:36:29,15:36:28,-1000.00,11.54,4.47,0.00
2024-05-26 17:36:31,15:36:30,-1000.00,11.52,4.46,0.00
2024-05-26 17:36:32,15:36:32,-1000.00,11.54,4.47,0.00
2024-05-26 17:36:34,15:36:33,-1000.00,11.54,4.47,0.00
2024-05-26 17:36:36,15:36:35,-1000.00,11.52,4.47,0.00
2024-05-26 17:36:37,15:36:37,-1000.00,11.54,4.47,0.00
2024-05-26 17:36:39,15:36:38,-1000.00,11.52,4.47,0.00
2024-05-26 17:36:41,15:36:40,-1000.00,11.54,4.47,0.00
2024-05-26 17:36:42,15:36:41,-1000.00,11.54,4.47,0.00
2024-05-26 17:36:44,15:36:43,-1000.00,11.54,4.47,0.00
2024-05-26 17:36:46,15:36:45,-1000.00,11.54,4.47,0.00
2024-05-26 17:36:47,15:36:46,-1000.00,11.54,4.47,0.00
2024-05-26 17:36:49,15:36:48,-1000.00,11.52,4.47,0.00
2024-05-26 17:36:51,15:36:50,-1000.00,11.54,4.47,0.00
2024-05-26 17:36:52,15:36:51,-1000.00,11.54,4.47,0.00
2024-05-26 17:36:54,15:36:53,-1000.00,11.52,4.47,0.00
2024-05-26 17:36:55,15:36:55,-1000.00,11.54,4.47,0.00
2024-05-26 17:36:57,15:36:56,-1000.00,11.54,4.47,0.00
2024-05-26 17:36:59,15:36:58,-1000.00,11.54,4.47,0.00
2024-05-26 17:37:00,15:37:00,-1000.00,11.54,4.47,0.00
2024-05-26 17:37:02,15:37:01,-1000.00,11.54,4.47,0.00
2024-05-26 17:37:04,15:37:03,-1000.00,11.54,4.47,0.00
2024-05-26 17:37:05,15:37:05,-1000.00,11.54,4.47,0.00
2024-05-26 17:37:07,15:37:06,-1000.00,11.54,4.47,0.00
2024-05-26 17:37:09,15:37:08,-1000.00,11.54,4.47,0.00
2024-05-26 17:37:11,15:37:09,-1000.00,11.54,4.47,0.00
2024-05-26 17:37:13,15:37:11,-1000.00,11.54,4.47,0.00
2024-05-26 17:37:14,15:37:13,-1000.00,11.52,4.46,0.00
2024-05-26 17:37:16,15:37:15,-1000.00,11.52,4.47,0.00
2024-05-26 17:37:18,15:37:16,-1000.00,11.52,4.47,0.00
2024-05-26 17:37:20,15:37:18,-1000.00,11.52,4.47,0.00
2024-05-26 17:37:21,15:37:20,-1000.00,11.52,4.47,0.00
2024-05-26 17:37:23,15:37:21,-1000.00,11.54,4.47,0.00
2024-05-26 17:37:24,15:37:23,-1000.00,11.54,4.47,0.00
2024-05-26 17:37:26,15:37:25,-1000.00,11.54,4.47,0.00
2024-05-26 17:37:28,15:37:26,-1000.00,11.52,4.47,0.00
2024-05-26 17:37:29,15:37:28,-1000.00,11.54,4.47,0.00
2024-05-26 17:37:31,15:37:30,-1000.00,11.54,4.46,0.00
2024-05-26 17:37:33,15:37:31,-1000.00,11.54,4.46,0.00
2024-05-26 17:37:34,15:37:33,-1000.00,11.54,4.46,0.00
2024-05-26 17:37:36,15:37:35,-1000.00,11.54,4.46,0.00
2024-05-26 17:37:38,15:37:36,-1000.00,11.54,4.46,0.00
2024-05-26 17:37:39,15:37:38,-1000.00,11.54,4.46,0.00
2024-05-26 17:37:41,15:37:40,-1000.00,11.54,4.46,0.00
2024-05-26 17:37:43,15:37:41,-1000.00,11.54,4.46,0.00
2024-05-26 17:37:44,15:37:43,-1000.00,11.54,4.46,0.00
2024-05-26 17:37:46,15:37:45,-1000.00,11.54,4.46,0.00
2024-05-26 17:37:48,15:37:46,-1000.00,11.54,4.46,0.00
2024-05-26 17:37:49,15:37:48,-1000.00,11.54,4.46,0.00
2024-05-26 17:37:51,15:37:50,-1000.00,11.54,4.46,0.00
2024-05-26 17:37:53,15:37:51,-1000.00,11.52,4.46,0.00
2024-05-26 17:37:54,15:37:53,-1000.00,11.54,4.46,0.00
2024-05-26 17:37:56,15:37:55,-1000.00,11.54,4.46,0.00
2024-05-26 17:37:58,15:37:56,-1000.00,11.54,4.46,0.00
2024-05-26 17:37:59,15:37:58,-1000.00,11.52,4.46,0.00
2024-05-26 17:38:01,15:37:59,-1000.00,11.52,4.47,0.00
2024-05-26 17:38:02,15:38:01,-1000.00,11.54,4.47,0.00
2024-05-26 17:38:04,15:38:03,-1000.00,11.54,4.47,0.00
2024-05-26 17:38:06,15:38:04,-1000.00,11.52,4.46,0.00
2024-05-26 17:38:07,15:38:06,-1000.00,11.54,4.46,0.00
2024-05-26 17:38:09,15:38:08,-1000.00,11.54,4.46,0.00
2024-05-26 17:38:11,15:38:09,-1000.00,11.54,4.47,0.00
2024-05-26 17:38:13,15:38:12,-1000.00,11.54,4.47,0.00
2024-05-26 17:38:15,15:38:13,-1000.00,11.54,4.46,0.00
2024-05-26 17:38:16,15:38:15,-1000.00,11.54,4.47,0.00
2024-05-26 17:38:18,15:38:16,-1000.00,11.52,4.46,0.00
2024-05-26 17:38:20,15:38:18,-1000.00,11.52,4.46,0.00
2024-05-26 17:38:22,15:38:20,-1000.00,11.54,4.46,0.00
2024-05-26 17:38:23,15:38:22,-1000.00,11.54,4.46,0.00
2024-05-26 17:38:25,15:38:23,-1000.00,11.54,4.46,0.00
2024-05-26 17:38:27,15:38:25,-1000.00,11.54,4.46,0.00
2024-05-26 17:38:28,15:38:27,-1000.00,11.54,4.46,0.00
2024-05-26 17:38:30,15:38:28,-1000.00,11.54,4.46,0.00
2024-05-26 17:38:31,15:38:30,-1000.00,11.54,4.46,0.00
2024-05-26 17:38:33,15:38:32,-1000.00,11.54,4.46,0.00
2024-05-26 17:38:35,15:38:33,-1000.00,11.54,4.46,0.00
2024-05-26 17:38:36,15:38:35,-1000.00,11.54,4.46,0.00
2024-05-26 17:38:38,15:38:37,-1000.00,11.54,4.46,27.00
2024-05-26 17:38:40,15:38:38,-1000.00,11.54,4.46,0.00
2024-05-26 17:38:41,15:38:40,-1000.00,11.52,4.46,0.00
2024-05-26 17:38:43,15:38:41,-1000.00,11.54,4.46,0.00
2024-05-26 17:38:45,15:38:43,-1000.00,11.52,4.46,0.00
2024-05-26 17:38:46,15:38:45,-1000.00,11.54,4.46,0.00
2024-05-26 17:38:48,15:38:46,-1000.00,11.54,4.46,0.00
2024-05-26 17:38:50,15:38:48,-1000.00,11.54,4.46,0.00
2024-05-26 17:38:51,15:38:50,-1000.00,11.52,4.46,0.00
2024-05-26 17:38:53,15:38:51,-1000.00,11.54,4.46,0.00
2024-05-26 17:38:55,15:38:53,-1000.00,11.54,4.46,0.00
2024-05-26 17:38:56,15:38:55,-1000.00,11.54,4.46,0.00
2024-05-26 17:38:58,15:38:56,-1000.00,11.54,4.46,0.00
2024-05-26 17:39:00,15:38:58,-1000.00,11.54,4.46,0.00
2024-05-26 17:39:01,15:39:00,-1000.00,11.54,4.46,0.00
2024-05-26 17:39:03,15:39:01,-1000.00,11.54,4.46,0.00
2024-05-26 17:39:05,15:39:03,-1000.00,11.54,4.46,0.00
2024-05-26 17:39:06,15:39:05,-1000.00,11.52,4.47,0.00
2024-05-26 17:39:08,15:39:06,-1000.00,11.52,4.46,0.00
2024-05-26 17:39:10,15:39:09,-1000.00,11.54,4.46,0.00
2024-05-26 17:39:12,15:39:10,-1000.00,11.54,4.46,0.00
2024-05-26 17:39:13,15:39:12,-1000.00,11.54,4.46,0.00
2024-05-26 17:39:15,15:39:14,-1000.00,11.54,4.46,0.00
2024-05-26 17:39:17,15:39:16,-1000.00,11.54,4.46,0.00
2024-05-26 17:39:19,15:39:17,-1000.00,11.52,4.46,0.00
2024-05-26 17:39:20,15:39:19,-1000.00,11.54,4.46,0.00
2024-05-26 17:39:22,15:39:21,-1000.00,11.54,4.46,0.00
2024-05-26 17:39:24,15:39:23,-1000.00,11.54,4.46,0.00
2024-05-26 17:39:25,15:39:24,-1000.00,11.54,4.46,0.00
2024-05-26 17:39:27,15:39:26,-1000.00,11.52,4.46,0.00
2024-05-26 17:39:29,15:39:28,-1000.00,11.54,4.45,0.00
2024-05-26 17:39:30,15:39:29,-1000.00,11.54,4.46,0.00
2024-05-26 17:39:32,15:39:31,-1000.00,11.54,4.46,0.00
2024-05-26 17:39:34,15:39:33,-1000.00,11.54,4.46,0.00
2024-05-26 17:39:35,15:39:34,-1000.00,11.54,4.46,0.00
2024-05-26 17:39:37,15:39:36,-1000.00,11.54,4.46,0.00
2024-05-26 17:39:39,15:39:38,-1000.00,11.52,4.46,0.00
2024-05-26 17:39:40,15:39:39,-1000.00,11.54,4.46,0.00
2024-05-26 17:39:42,15:39:41,-1000.00,11.54,4.46,0.00
2024-05-26 17:39:44,15:39:43,-1000.00,11.54,4.46,0.00
2024-05-26 17:39:45,15:39:44,-1000.00,11.54,4.46,0.00
2024-05-26 17:39:47,15:39:46,-1000.00,11.54,4.46,0.00
2024-05-26 17:39:49,15:39:48,-1000.00,11.54,4.46,0.00
2024-05-26 17:39:50,15:39:49,-1000.00,11.54,4.46,0.00
2024-05-26 17:39:52,15:39:51,-1000.00,11.54,4.46,0.00
2024-05-26 17:39:54,15:39:53,-1000.00,11.54,4.46,0.00
2024-05-26 17:39:55,15:39:54,-1000.00,11.54,4.46,0.00
2024-05-26 17:39:57,15:39:56,-1000.00,11.54,4.46,0.00
2024-05-26 17:39:58,15:39:57,-1000.00,11.54,4.46,0.00
2024-05-26 17:40:00,15:39:59,-1000.00,11.54,4.46,0.00
2024-05-26 17:40:02,15:40:01,-1000.00,11.54,4.46,0.00
2024-05-26 17:40:03,15:40:02,-1000.00,11.54,4.46,0.00
2024-05-26 17:40:05,15:40:04,-1000.00,11.54,4.46,0.00
2024-05-26 17:40:07,15:40:06,-1000.00,11.54,4.46,0.00
2024-05-26 17:40:08,15:40:07,-1000.00,11.54,4.46,0.00
2024-05-26 17:40:10,15:40:09,-1000.00,11.54,4.46,0.00
2024-05-26 17:40:12,15:40:11,-1000.00,11.54,4.46,0.00
2024-05-26 17:40:14,15:40:13,-1000.00,11.54,4.46,0.00
2024-05-26 17:40:16,15:40:14,-1000.00,11.54,4.46,0.00
2024-05-26 17:40:17,15:40:16,-1000.00,11.54,4.46,0.00
2024-05-26 17:40:19,15:40:18,-1000.00,11.54,4.46,0.00
2024-05-26 17:40:21,15:40:20,-1000.00,11.54,4.46,0.00
2024-05-26 17:40:23,15:40:21,-1000.00,11.54,4.46,0.00
2024-05-26 17:40:24,15:40:23,-1000.00,11.52,4.47,0.00
2024-05-26 17:40:26,15:40:24,-1000.00,11.54,4.46,0.00
2024-05-26 17:40:28,15:40:26,-1000.00,11.54,4.46,0.00
2024-05-26 17:40:29,15:40:28,-1000.00,11.54,4.46,0.00
2024-05-26 17:40:31,15:40:29,-1000.00,11.54,4.46,0.00
2024-05-26 17:40:33,15:40:31,-1000.00,11.54,4.46,0.00
2024-05-26 17:40:34,15:40:33,-1000.00,11.54,4.46,0.00
2024-05-26 17:40:36,15:40:34,-1000.00,11.54,4.46,0.00
2024-05-26 17:40:37,15:40:36,-1000.00,11.54,4.46,0.00
2024-05-26 17:40:39,15:40:38,-1000.00,11.54,4.46,0.00
2024-05-26 17:40:41,15:40:39,-1000.00,11.54,4.46,0.00
2024-05-26 17:40:42,15:40:41,-1000.00,11.54,4.46,0.00
2024-05-26 17:40:44,15:40:43,-1000.00,11.52,4.46,0.00
2024-05-26 17:40:46,15:40:44,-1000.00,11.54,4.46,0.00
2024-05-26 17:40:47,15:40:46,-1000.00,11.54,4.46,0.00
2024-05-26 17:40:49,15:40:48,-1000.00,11.54,4.46,0.00
2024-05-26 17:40:51,15:40:49,-1000.00,11.54,4.46,0.00
2024-05-26 17:40:52,15:40:51,-1000.00,11.54,4.46,0.00
2024-05-26 17:40:54,15:40:53,-1000.00,11.52,4.46,0.00
2024-05-26 17:40:56,15:40:54,-1000.00,11.54,4.46,0.00
2024-05-26 17:40:57,15:40:56,-1000.00,11.54,4.46,0.00
2024-05-26 17:40:59,15:40:58,-1000.00,11.54,4.46,0.00
2024-05-26 17:41:01,15:40:59,-1000.00,11.54,4.46,0.00
2024-05-26 17:41:03,15:41:01,-1000.00,11.54,4.46,0.00
2024-05-26 17:41:04,15:41:03,-1000.00,11.54,4.46,0.00
2024-05-26 17:41:06,15:41:04,-1000.00,11.54,4.46,0.00
2024-05-26 17:41:08,15:41:06,-1000.00,11.54,4.46,0.00
2024-05-26 17:41:09,15:41:08,-1000.00,11.54,4.46,0.00
2024-05-26 17:41:11,15:41:10,-1000.00,11.54,4.46,0.00
2024-05-26 17:41:13,15:41:12,-1000.00,11.54,4.47,0.00
2024-05-26 17:41:15,15:41:13,-1000.00,11.54,4.47,0.00
2024-05-26 17:41:16,15:41:15,-1000.00,11.52,4.47,0.00
2024-05-26 17:41:18,15:41:17,-1000.00,11.54,4.47,0.00
2024-05-26 17:41:20,15:41:18,-1000.00,11.54,4.47,0.00
2024-05-26 17:41:22,15:41:20,-1000.00,11.54,4.47,0.00
2024-05-26 17:41:23,15:41:22,-1000.00,11.54,4.47,0.00
2024-05-26 17:41:25,15:41:24,-1000.00,11.54,4.47,0.00
2024-05-26 17:41:27,15:41:25,-1000.00,11.54,4.47,0.00
2024-05-26 17:41:28,15:41:27,-1000.00,11.54,4.47,0.00
2024-05-26 17:41:30,15:41:29,-1000.00,11.54,4.47,0.emperature
2024-05-26 17:41:32,15:41:30,-1000.00,11.54,4.47,0.00
2024-05-26 17:41:33,15:41:32,-1000.00,11.54,4.46,0.00
2024-05-26 17:41:35,15:41:34,-1000.00,11.54,4.47,0.00
2024-05-26 17:41:37,15:41:35,-1000.00,11.54,4.47,0.00
2024-05-26 17:41:38,15:41:37,-1000.00,11.54,4.47,0.00
2024-05-26 17:41:40,15:41:39,-1000.00,11.54,4.47,0.00
2024-05-26 17:41:42,15:41:40,-1000.00,11.52,4.47,0.00
2024-05-26 17:41:43,15:41:42,-1000.00,11.54,4.47,0.00
2024-05-26 17:41:45,15:41:43,-1000.00,11.54,4.47,0.00
2024-05-26 17:41:47,15:41:45,-1000.00,11.54,4.47,0.00
2024-05-26 17:41:48,15:41:47,-1000.00,11.54,4.47,0.00
2024-05-26 17:41:50,15:41:48,-1000.00,11.54,4.47,0.00
2024-05-26 17:41:52,15:41:50,-1000.00,11.54,4.47,0.00
2024-05-26 17:41:53,15:41:52,-1000.00,11.54,4.47,0.00
2024-05-26 17:41:55,15:41:53,-1000.00,11.54,4.47,0.00
2024-05-26 17:41:57,15:41:55,-1000.00,11.52,4.47,0.00
2024-05-26 17:41:58,15:41:57,-1000.00,11.54,4.47,0.00
2024-05-26 17:42:00,15:41:58,-1000.00,11.54,4.47,0.00
2024-05-26 17:42:02,15:42:00,-1000.00,11.54,4.46,0.00
2024-05-26 17:42:03,15:42:02,-1000.00,11.52,4.47,0.00
2024-05-26 17:42:05,15:42:03,-1000.00,11.54,4.46,0.00
2024-05-26 17:42:06,15:42:05,-1000.00,11.54,4.46,0.00
2024-05-26 17:42:08,15:42:07,-1000.00,11.54,4.47,0.00
2024-05-26 17:42:10,15:42:08,-1000.00,11.54,4.47,0.00
2024-05-26 17:42:12,15:42:11,-1000.00,11.54,4.46,0.00
2024-05-26 17:42:14,15:42:12,-1000.00,11.54,4.46,0.00
2024-05-26 17:42:15,15:42:14,-1000.00,11.54,4.47,0.00
2024-05-26 17:42:17,15:42:15,-1000.00,11.54,4.46,0.00
2024-05-26 17:42:18,15:42:17,-1000.00,11.54,4.46,0.00
2024-05-26 17:42:20,15:42:19,-1000.00,11.54,4.46,0.00
2024-05-26 17:42:22,15:42:20,-1000.00,11.54,4.47,0.00
2024-05-26 17:42:24,15:42:22,-1000.00,11.54,4.47,0.00
2024-05-26 17:42:25,15:42:24,-1000.00,11.54,4.47,0.00
2024-05-26 17:42:27,15:42:26,-1000.00,11.54,4.47,0.00
2024-05-26 17:42:29,15:42:27,-1000.00,11.54,4.46,0.00
2024-05-26 17:42:30,15:42:29,-1000.00,11.54,4.47,0.00
2024-05-26 17:42:32,15:42:31,-1000.00,11.54,4.46,0.00
2024-05-26 17:42:34,15:42:32,-1000.00,11.54,4.46,0.00
2024-05-26 17:42:35,15:42:34,-1000.00,11.54,4.46,0.00
2024-05-26 17:42:37,15:42:35,-1000.00,11.54,4.46,0.00
2024-05-26 17:42:38,15:42:37,-1000.00,11.52,4.46,0.00
2024-05-26 17:42:40,15:42:39,-1000.00,11.54,4.46,0.00
2024-05-26 17:42:42,15:42:40,-1000.00,11.54,4.46,0.00
2024-05-26 17:42:43,15:42:42,-1000.00,11.54,4.47,0.00
2024-05-26 17:42:45,15:42:44,-1000.00,11.54,4.46,0.00
2024-05-26 17:42:47,15:42:45,-1000.00,11.54,4.46,0.00
2024-05-26 17:42:48,15:42:47,-1000.00,11.54,4.46,0.00
2024-05-26 17:42:50,15:42:49,-1000.00,11.54,4.46,0.00
2024-05-26 17:42:52,15:42:50,-1000.00,11.54,4.46,0.00
2024-05-26 17:42:53,15:42:52,-1000.00,11.54,4.46,0.00
2024-05-26 17:42:55,15:42:54,-1000.00,11.54,4.46,0.00
2024-05-26 17:42:57,15:42:55,-1000.00,11.54,4.46,0.00
2024-05-26 17:42:58,15:42:57,-1000.00,11.54,4.46,0.00
2024-05-26 17:43:00,15:42:59,-1000.00,11.54,4.46,0.00
2024-05-26 17:43:02,15:43:00,-1000.00,11.54,4.46,0.00
2024-05-26 17:43:03,15:43:02,-1000.00,11.54,4.46,0.00
2024-05-26 17:43:05,15:43:04,-1000.00,11.52,4.46,0.00
2024-05-26 17:43:07,15:43:05,-1000.00,11.54,4.46,0.00
2024-05-26 17:43:08,15:43:07,-1000.00,11.52,4.46,0.00
2024-05-26 17:43:10,15:43:09,-1000.00,11.52,4.46,0.00
2024-05-26 17:43:12,15:43:11,-1000.00,11.54,4.46,0.00
2024-05-26 17:43:14,15:43:13,-1000.00,11.54,4.47,0.00
2024-05-26 17:43:16,15:43:14,-1000.00,11.52,4.47,0.00
2024-05-26 17:43:17,15:43:16,-1000.00,11.54,4.46,0.00
2024-05-26 17:43:19,15:43:18,-1000.00,11.54,4.47,0.00
2024-05-26 17:43:21,15:43:19,-1000.00,11.52,4.47,0.00
2024-05-26 17:43:22,15:43:21,-1000.00,11.54,4.47,0.00
2024-05-26 17:43:24,15:43:23,-1000.00,11.52,4.47,0.00
2024-05-26 17:43:26,15:43:24,-1000.00,11.54,4.47,0.00
2024-05-26 17:43:28,15:43:26,-1000.00,11.54,4.47,0.00
2024-05-26 17:43:29,15:43:28,-1000.00,11.54,4.47,0.00
2024-05-26 17:43:31,15:43:29,-1000.00,11.54,4.47,0.00
2024-05-26 17:43:32,15:43:31,-1000.00,11.54,4.47,0.00
2024-05-26 17:43:34,15:43:33,-1000.00,11.54,4.47,0.00
2024-05-26 17:43:36,15:43:34,-1000.00,11.54,4.47,0.00
2024-05-26 17:43:37,15:43:36,-1000.00,11.54,4.47,0.00
2024-05-26 17:43:39,15:43:38,-1000.00,11.54,4.46,0.00
2024-05-26 17:43:41,15:43:39,-1000.00,11.54,4.47,0.00
2024-05-26 17:43:42,15:43:41,-1000.00,11.54,4.47,0.00
2024-05-26 17:43:44,15:43:43,-1000.00,11.52,4.47,0.00
2024-05-26 17:43:46,15:43:44,-1000.00,11.54,4.47,0.00
2024-05-26 17:43:47,15:43:46,-1000.00,11.54,4.47,0.00
2024-05-26 17:43:49,15:43:48,-1000.00,11.52,4.47,0.00
2024-05-26 17:43:51,15:43:49,-1000.00,11.54,4.47,0.00
2024-05-26 17:43:52,15:43:51,-1000.00,11.54,4.47,0.00
2024-05-26 17:43:54,15:43:53,-1000.00,11.54,4.47,0.00
2024-05-26 17:43:56,15:43:54,-1000.00,11.54,4.47,0.00
2024-05-26 17:43:57,15:43:56,-1000.00,11.54,4.47,0.00
2024-05-26 17:43:59,15:43:58,-1000.00,11.54,4.47,0.00
2024-05-26 17:44:01,15:43:59,-1000.00,11.52,4.47,0.00
2024-05-26 17:44:02,15:44:01,-1000.00,11.54,4.47,0.00
2024-05-26 17:44:04,15:44:03,-1000.00,11.54,4.47,0.00
2024-05-26 17:44:06,15:44:04,-1000.00,11.54,4.47,0.00
2024-05-26 17:44:07,15:44:06,-1000.00,11.54,4.47,0.00
2024-05-26 17:44:09,15:44:08,-1000.00,11.54,4.47,0.00
2024-05-26 17:44:11,15:44:09,-1000.00,11.54,4.47,0.00
2024-05-26 17:44:13,15:44:12,-1000.00,11.54,4.47,0.00
2024-05-26 17:44:15,15:44:13,-1000.00,11.52,4.47,0.00
2024-05-26 17:44:16,15:44:15,-1000.00,11.54,4.47,0.00
2024-05-26 17:44:18,15:44:17,-1000.00,11.54,4.47,0.00
2024-05-26 17:44:20,15:44:18,-1000.00,11.54,4.47,0.00
2024-05-26 17:44:21,15:44:20,-1000.00,11.54,4.47,0.00
2024-05-26 17:44:23,15:44:22,-1000.00,11.54,4.47,0.00
2024-05-26 17:44:25,15:44:23,-1000.00,11.54,4.47,0.00
2024-05-26 17:44:26,15:44:25,-1000.00,11.54,4.47,0.00
2024-05-26 17:44:28,15:44:27,-1000.00,11.54,4.47,0.00
2024-05-26 17:44:30,15:44:29,-1000.00,11.54,4.47,0.00
2024-05-26 17:44:31,15:44:30,-1000.00,11.54,4.47,0.00
2024-05-26 17:44:33,15:44:32,-1000.00,11.54,4.47,0.00
2024-05-26 17:44:35,15:44:33,-1000.00,11.54,4.47,0.00
2024-05-26 17:44:36,15:44:35,-1000.00,11.54,4.47,0.00
2024-05-26 17:44:38,15:44:37,-1000.00,11.54,4.47,0.00
2024-05-26 17:44:40,15:44:38,-1000.00,11.54,4.47,0.00
2024-05-26 17:44:41,15:44:40,-1000.00,11.54,4.47,0.00
2024-05-26 17:44:43,15:44:42,-1000.00,11.54,4.47,0.00
2024-05-26 17:44:45,15:44:43,-1000.00,11.52,4.47,0.00
2024-05-26 17:44:46,15:44:45,-1000.00,11.54,4.47,0.emperature
2024-05-26 17:44:48,15:44:47,-1000.00,11.54,4.47,0.00
2024-05-26 17:44:50,15:44:48,-1000.00,11.57,4.47,0.00
2024-05-26 17:44:51,15:44:50,-1000.00,11.54,4.47,0.00
2024-05-26 17:44:53,15:44:52,-1000.00,11.54,4.47,0.00
2024-05-26 17:44:55,15:44:53,-1000.00,11.52,4.47,0.00
2024-05-26 17:44:56,15:44:55,-1000.00,11.54,4.47,0.00
2024-05-26 17:44:58,15:44:57,-1000.00,11.54,4.47,0.00
2024-05-26 17:45:00,15:44:58,-1000.00,11.54,4.47,0.00
2024-05-26 17:45:01,15:45:00,-1000.00,11.54,4.47,0.00
2024-05-26 17:45:03,15:45:02,-1000.00,11.54,4.47,0.00
2024-05-26 17:45:05,15:45:03,-1000.00,11.54,4.47,0.00
2024-05-26 17:45:06,15:45:05,-1000.00,11.52,4.47,0.00
2024-05-26 17:45:08,15:45:07,-1000.00,11.54,4.47,0.00
2024-05-26 17:45:10,15:45:08,-1000.00,11.54,4.47,0.emperature
2024-05-26 17:45:12,15:45:10,-1000.00,11.54,4.47,0.00
2024-05-26 17:45:14,15:45:13,-1000.00,11.54,4.47,0.00
2024-05-26 17:45:16,15:45:14,-1000.00,11.54,4.47,0.00
2024-05-26 17:45:17,15:45:16,-1000.00,11.54,4.47,0.00
2024-05-26 17:45:19,15:45:18,-1000.00,11.54,4.47,0.00
2024-05-26 17:45:21,15:45:19,-1000.00,11.54,4.47,0.00
2024-05-26 17:45:22,15:45:21,-1000.00,11.54,4.47,0.00
2024-05-26 17:45:24,15:45:23,-1000.00,11.54,4.47,0.00
2024-05-26 17:45:26,15:45:24,-1000.00,11.54,4.47,0.00
2024-05-26 17:45:27,15:45:26,-1000.00,11.54,4.47,0.00
2024-05-26 17:45:29,15:45:28,-1000.00,11.54,4.47,0.00
2024-05-26 17:45:31,15:45:29,-1000.00,11.54,4.47,0.00
2024-05-26 17:45:32,15:45:31,-1000.00,11.54,4.47,0.00
2024-05-26 17:45:34,15:45:33,-1000.00,11.54,4.47,0.00
2024-05-26 17:45:36,15:45:34,-1000.00,11.54,4.47,0.00
2024-05-26 17:45:37,15:45:36,-1000.00,11.54,4.47,0.00
2024-05-26 17:45:39,15:45:38,-1000.00,11.54,4.47,0.00
2024-05-26 17:45:41,15:45:39,-1000.00,11.54,4.46,0.00
2024-05-26 17:45:42,15:45:41,-1000.00,11.54,4.47,0.00
2024-05-26 17:45:44,15:45:43,-1000.00,11.54,4.47,0.00
2024-05-26 17:45:46,15:45:44,-1000.00,11.54,4.46,0.00
2024-05-26 17:45:47,15:45:46,-1000.00,11.54,4.46,0.00
2024-05-26 17:45:49,15:45:48,-1000.00,11.54,4.46,0.00
2024-05-26 17:45:51,15:45:49,-1000.00,11.54,4.46,0.00
2024-05-26 17:45:52,15:45:51,-1000.00,11.54,4.47,0.00
2024-05-26 17:45:54,15:45:53,-1000.00,11.54,4.47,0.00
2024-05-26 17:45:56,15:45:54,-1000.00,11.54,4.47,0.00
2024-05-26 17:45:57,15:45:56,-1000.00,11.54,4.47,0.00
2024-05-26 17:45:59,15:45:58,-1000.00,11.54,4.46,0.00
2024-05-26 17:46:01,15:45:59,-1000.00,11.54,4.46,0.00
2024-05-26 17:46:02,15:46:01,-1000.00,11.54,4.46,0.00
2024-05-26 17:46:04,15:46:03,-1000.00,11.54,4.46,0.00
2024-05-26 17:46:06,15:46:04,-1000.00,11.52,4.46,0.00
2024-05-26 17:46:07,15:46:06,-1000.00,11.54,4.46,0.00
2024-05-26 17:46:09,15:46:08,-1000.00,11.54,4.47,0.00
2024-05-26 17:46:11,15:46:09,-1000.00,11.54,4.47,0.00
2024-05-26 17:46:13,15:46:11,-1000.00,11.54,4.47,0.00
2024-05-26 17:46:15,15:46:14,-1000.00,11.54,4.47,0.00
2024-05-26 17:46:16,15:46:15,-1000.00,11.54,4.47,0.00
2024-05-26 17:46:18,15:46:17,-1000.00,11.54,4.47,0.00
2024-05-26 17:46:20,15:46:18,-1000.00,11.54,4.47,0.00
2024-05-26 17:46:21,15:46:20,-1000.00,11.52,4.47,0.00
2024-05-26 17:46:23,15:46:22,-1000.00,11.54,4.47,0.00
2024-05-26 17:46:25,15:46:23,-1000.00,11.54,4.47,0.00
2024-05-26 17:46:26,15:46:25,-1000.00,11.54,4.47,0.00
2024-05-26 17:46:28,15:46:27,-1000.00,11.54,4.47,0.00
2024-05-26 17:46:30,15:46:29,-1000.00,11.54,4.46,0.00
2024-05-26 17:46:31,15:46:30,-1000.00,11.54,4.47,0.00
2024-05-26 17:46:33,15:46:32,-1000.00,11.54,4.47,0.00
2024-05-26 17:46:35,15:46:34,-1000.00,11.54,4.47,0.00
2024-05-26 17:46:36,15:46:35,-1000.00,11.54,4.47,0.00
2024-05-26 17:46:38,15:46:37,-1000.00,11.54,4.47,0.00
2024-05-26 17:46:40,15:46:39,-1000.00,11.54,4.47,0.00
2024-05-26 17:46:41,15:46:40,-1000.00,11.54,4.47,0.00
2024-05-26 17:46:43,15:46:42,-1000.00,11.54,4.47,0.00
2024-05-26 17:46:45,15:46:44,-1000.00,11.54,4.47,0.00
2024-05-26 17:46:46,15:46:45,-1000.00,11.54,4.47,0.00
2024-05-26 17:46:48,15:46:47,-1000.00,11.54,4.47,0.00
2024-05-26 17:46:50,15:46:49,-1000.00,11.54,4.47,0.00
2024-05-26 17:46:51,15:46:50,-1000.00,11.54,4.47,0.00
2024-05-26 17:46:53,15:46:52,-1000.00,11.54,4.47,0.00
2024-05-26 17:46:55,15:46:54,-1000.00,11.54,4.46,0.00
2024-05-26 17:46:56,15:46:55,-1000.00,11.54,4.46,0.00
2024-05-26 17:46:58,15:46:57,-1000.00,11.54,4.47,0.00
2024-05-26 17:47:00,15:46:59,-1000.00,11.54,4.46,0.00
2024-05-26 17:47:01,15:47:00,-1000.00,11.54,4.46,0.00
2024-05-26 17:47:03,15:47:02,-1000.00,11.54,4.46,0.00
2024-05-26 17:47:05,15:47:04,-1000.00,11.54,4.46,0.00
2024-05-26 17:47:06,15:47:05,-1000.00,11.54,4.46,0.00
2024-05-26 17:47:08,15:47:07,-1000.00,11.54,4.46,0.00
2024-05-26 17:47:10,15:47:09,-1000.00,11.54,4.46,0.00
2024-05-26 17:47:12,15:47:11,-1000.00,11.54,4.46,0.00
2024-05-26 17:47:14,15:47:13,-1000.00,11.54,4.46,0.00
2024-05-26 17:47:16,15:47:15,-1000.00,11.54,4.46,0.00
2024-05-26 17:47:17,15:47:16,-1000.00,11.54,4.46,0.00
2024-05-26 17:47:19,15:47:18,-1000.00,11.54,4.46,0.00
2024-05-26 17:47:21,15:47:20,-1000.00,11.54,4.46,0.00
2024-05-26 17:47:22,15:47:21,-1000.00,11.54,4.46,0.00
2024-05-26 17:47:24,15:47:23,-1000.00,11.54,4.46,0.00
2024-05-26 17:47:26,15:47:24,-1000.00,11.54,4.46,0.00
2024-05-26 17:47:27,15:47:26,-1000.00,11.54,4.46,0.00
2024-05-26 17:47:29,15:47:28,-1000.00,11.54,4.46,0.00
2024-05-26 17:47:31,15:47:30,-1000.00,11.54,4.46,0.00
2024-05-26 17:47:33,15:47:31,-1000.00,11.54,4.46,0.00
2024-05-26 17:47:34,15:47:33,-1000.00,11.54,4.46,0.00
2024-05-26 17:47:36,15:47:35,-1000.00,11.54,4.46,0.00
2024-05-26 17:47:37,15:47:36,-1000.00,11.54,4.46,0.00
2024-05-26 17:47:39,15:47:38,-1000.00,11.54,4.46,0.00
2024-05-26 17:47:41,15:47:40,-1000.00,11.54,4.46,0.00
2024-05-26 17:47:42,15:47:41,-1000.00,11.54,4.46,0.00
2024-05-26 17:47:44,15:47:43,-1000.00,11.54,4.46,0.00
2024-05-26 17:47:46,15:47:45,-1000.00,11.54,4.46,0.00
2024-05-26 17:47:47,15:47:46,-1000.00,11.54,4.46,0.00
2024-05-26 17:47:49,15:47:48,-1000.00,11.54,4.46,0.00
2024-05-26 17:47:51,15:47:50,-1000.00,11.54,4.46,0.00
2024-05-26 17:47:52,15:47:51,-1000.00,11.54,4.46,0.00
2024-05-26 17:47:54,15:47:53,-1000.00,11.54,4.46,0.00
2024-05-26 17:47:56,15:47:55,-1000.00,11.54,4.46,0.00
2024-05-26 17:47:57,15:47:56,-1000.00,11.54,4.46,0.00
2024-05-26 17:47:59,15:47:58,-1000.00,11.54,4.47,0.00
2024-05-26 17:48:01,15:47:59,-1000.00,11.54,4.46,0.00
2024-05-26 17:48:02,15:48:01,-1000.00,11.54,4.47,0.00
2024-05-26 17:48:04,15:48:03,-1000.00,11.54,4.46,0.00
2024-05-26 17:48:06,15:48:05,-1000.00,11.54,4.46,0.00
2024-05-26 17:48:07,15:48:06,-1000.00,11.54,4.46,0.00
2024-05-26 17:48:09,15:48:08,-1000.00,11.54,4.46,0.00
2024-05-26 17:48:11,15:48:10,-1000.00,11.54,4.47,0.00
2024-05-26 17:48:13,15:48:12,-1000.00,11.54,4.47,0.00
2024-05-26 17:48:15,15:48:14,-1000.00,11.52,4.46,0.00
2024-05-26 17:48:16,15:48:16,-1000.00,11.54,4.47,0.00
2024-05-26 17:48:18,15:48:17,-1000.00,11.54,4.47,0.00
2024-05-26 17:48:20,15:48:19,-1000.00,11.54,4.47,0.00
2024-05-26 17:48:21,15:48:21,-1000.00,11.54,4.46,0.00
2024-05-26 17:48:23,15:48:22,-1000.00,11.52,4.47,0.00
2024-05-26 17:48:25,15:48:24,-1000.00,11.54,4.47,0.00
2024-05-26 17:48:26,15:48:25,-1000.00,11.54,4.47,0.00
2024-05-26 17:48:28,15:48:27,-1000.00,11.54,4.46,0.00
2024-05-26 17:48:30,15:48:29,-1000.00,11.54,4.46,0.00
2024-05-26 17:48:32,15:48:31,-1000.00,11.54,4.47,0.00
2024-05-26 17:48:33,15:48:32,-1000.00,11.54,4.47,0.00
2024-05-26 17:48:35,15:48:34,-1000.00,11.54,4.47,0.00
2024-05-26 17:48:37,15:48:36,-1000.00,11.54,4.47,0.00
2024-05-26 17:48:38,15:48:37,-1000.00,11.54,4.47,0.00
2024-05-26 17:48:40,15:48:39,-1000.00,11.54,4.46,0.00
2024-05-26 17:48:42,15:48:41,-1000.00,11.54,4.47,0.00
2024-05-26 17:48:43,15:48:42,-1000.00,11.54,4.46,0.00
2024-05-26 17:48:45,15:48:44,-1000.00,11.54,4.47,0.00
2024-05-26 17:48:46,15:48:46,-1000.00,11.54,4.47,0.00
2024-05-26 17:48:48,15:48:47,-1000.00,11.54,4.47,0.00
2024-05-26 17:48:50,15:48:49,-1000.00,11.54,4.47,0.00
2024-05-26 17:48:51,15:48:51,-1000.00,11.54,4.46,0.00
2024-05-26 17:48:53,15:48:52,-1000.00,11.54,4.47,0.00
2024-05-26 17:48:55,15:48:54,-1000.00,11.54,4.47,0.00
2024-05-26 17:48:56,15:48:56,-1000.00,11.54,4.47,0.00
2024-05-26 17:48:58,15:48:57,-1000.00,11.54,4.47,0.00
2024-05-26 17:49:00,15:48:59,-1000.00,11.54,4.46,0.00
2024-05-26 17:49:01,15:49:01,-1000.00,11.54,4.47,0.00
2024-05-26 17:49:03,15:49:02,-1000.00,11.54,4.47,0.00
2024-05-26 17:49:05,15:49:04,-1000.00,11.54,4.47,0.00
2024-05-26 17:49:06,15:49:06,-1000.00,11.54,4.47,0.00
2024-05-26 17:49:08,15:49:07,-1000.00,11.54,4.47,0.00
2024-05-26 17:49:10,15:49:09,-1000.00,11.54,4.47,0.00
2024-05-26 17:49:12,15:49:11,-1000.00,11.54,4.47,0.00
2024-05-26 17:49:13,15:49:12,-1000.00,11.54,4.47,0.00
2024-05-26 17:49:15,15:49:14,-1000.00,11.54,4.47,0.00
2024-05-26 17:49:17,15:49:16,-1000.00,11.54,4.47,0.00
2024-05-26 17:49:18,15:49:17,-1000.00,11.54,4.47,0.00
2024-05-26 17:49:20,15:49:19,-1000.00,11.54,4.47,0.00
2024-05-26 17:49:22,15:49:21,-1000.00,11.54,4.47,0.00
2024-05-26 17:49:23,15:49:22,-1000.00,11.54,4.47,0.00
2024-05-26 17:49:25,15:49:24,-1000.00,11.54,4.47,27.00
2024-05-26 17:49:27,15:49:26,-1000.00,11.54,4.46,0.00
2024-05-26 17:49:28,15:49:27,-1000.00,11.54,4.47,0.00
2024-05-26 17:49:30,15:49:29,-1000.00,11.54,4.46,0.00
2024-05-26 17:49:32,15:49:31,-1000.00,11.54,4.47,0.00
2024-05-26 17:49:34,15:49:32,-1000.00,11.54,4.47,0.00
2024-05-26 17:49:35,15:49:34,-1000.00,11.54,4.47,0.00
2024-05-26 17:49:37,15:49:36,-1000.00,11.54,4.47,0.00
2024-05-26 17:49:38,15:49:37,-1000.00,11.54,4.47,0.00
2024-05-26 17:49:40,15:49:39,-1000.00,11.54,4.47,0.00
2024-05-26 17:49:42,15:49:41,-1000.00,11.54,4.47,0.00
2024-05-26 17:49:43,15:49:42,-1000.00,11.54,4.47,0.00
2024-05-26 17:49:45,15:49:44,-1000.00,11.54,4.46,0.00
2024-05-26 17:49:47,15:49:46,-1000.00,11.54,4.46,0.00
2024-05-26 17:49:48,15:49:47,-1000.00,11.54,4.47,0.00
2024-05-26 17:49:50,15:49:49,-1000.00,11.54,4.47,0.00
2024-05-26 17:49:52,15:49:51,-1000.00,11.54,4.47,0.00
2024-05-26 17:49:53,15:49:52,-1000.00,11.54,4.46,0.00
2024-05-26 17:49:55,15:49:54,-1000.00,11.54,4.47,0.00
2024-05-26 17:49:57,15:49:56,-1000.00,11.54,4.46,0.00
2024-05-26 17:49:58,15:49:57,-1000.00,11.54,4.47,0.00
2024-05-26 17:50:00,15:49:59,-1000.00,11.54,4.46,0.00
2024-05-26 17:50:02,15:50:01,-1000.00,11.54,4.46,0.00
2024-05-26 17:50:03,15:50:02,-1000.00,11.54,4.46,0.00
2024-05-26 17:50:05,15:50:04,-1000.00,11.54,4.46,0.00
2024-05-26 17:50:07,15:50:06,-1000.00,11.54,4.46,0.00
2024-05-26 17:50:08,15:50:07,-1000.00,11.54,4.47,0.00
2024-05-26 17:50:10,15:50:09,-1000.00,11.54,4.46,0.00
2024-05-26 17:50:12,15:50:11,-1000.00,11.54,4.46,0.00
2024-05-26 17:50:14,15:50:13,-1000.00,11.54,4.46,0.00
2024-05-26 17:50:16,15:50:15,-1000.00,11.57,4.46,0.00
2024-05-26 17:50:17,15:50:17,-1000.00,11.54,4.47,0.00
2024-05-26 17:50:19,15:50:18,-1000.00,11.54,4.47,0.00
2024-05-26 17:50:21,15:50:20,-1000.00,11.54,4.46,0.00
2024-05-26 17:50:22,15:50:22,-1000.00,11.54,4.47,0.00
2024-05-26 17:50:24,15:50:23,-1000.00,11.54,4.47,0.00
2024-05-26 17:50:26,15:50:25,-1000.00,11.54,4.47,0.00
2024-05-26 17:50:27,15:50:26,-1000.00,11.54,4.47,0.00
2024-05-26 17:50:29,15:50:28,-1000.00,11.54,4.47,0.00
2024-05-26 17:50:31,15:50:30,-1000.00,11.54,4.47,0.00
2024-05-26 17:50:32,15:50:31,-1000.00,11.54,4.47,0.00
2024-05-26 17:50:34,15:50:33,-1000.00,11.54,4.47,0.00
2024-05-26 17:50:36,15:50:35,-1000.00,11.54,4.47,0.00
2024-05-26 17:50:38,15:50:37,-1000.00,11.54,4.47,0.00
2024-05-26 17:50:39,15:50:38,-1000.00,11.54,4.47,0.00
2024-05-26 17:50:41,15:50:40,-1000.00,11.54,4.47,0.00
2024-05-26 17:50:43,15:50:42,-1000.00,11.54,4.47,0.00
2024-05-26 17:50:44,15:50:43,-1000.00,11.54,4.45,0.00
2024-05-26 17:50:46,15:50:45,-1000.00,11.54,4.45,0.00
2024-05-26 17:50:47,15:50:47,-1000.00,11.54,4.48,0.00
2024-05-26 17:50:49,15:50:48,-1000.00,11.54,4.51,0.00
2024-05-26 17:50:51,15:50:50,-1000.00,11.54,4.53,0.00
2024-05-26 17:50:52,15:50:52,-1000.00,11.54,4.53,0.00
2024-05-26 17:50:54,15:50:53,-1000.00,11.54,4.53,0.00
2024-05-26 17:50:56,15:50:55,-1000.00,11.54,4.53,0.00
2024-05-26 17:50:57,15:50:57,-1000.00,11.54,4.53,0.00
2024-05-26 17:50:59,15:50:58,-1000.00,11.54,4.53,0.00
2024-05-26 17:51:01,15:51:00,-1000.00,11.54,4.53,0.00
2024-05-26 17:51:02,15:51:02,-1000.00,11.54,4.53,0.00
2024-05-26 17:51:04,15:51:03,-1000.00,11.54,4.53,0.00
2024-05-26 17:51:06,15:51:05,-1000.00,11.54,4.53,0.00
2024-05-26 17:51:07,15:51:07,-1000.00,11.54,4.53,0.00
2024-05-26 17:51:09,15:51:08,-1000.00,11.54,4.53,0.00
2024-05-26 17:51:11,15:51:10,-1000.00,11.52,4.53,0.00
2024-05-26 17:51:13,15:51:12,-1000.00,11.52,4.53,0.00
2024-05-26 17:51:15,15:51:14,-1000.00,11.54,4.53,0.00
2024-05-26 17:51:16,15:51:15,-1000.00,11.54,4.53,0.00
2024-05-26 17:51:18,15:51:17,-1000.00,11.52,4.53,0.00
2024-05-26 17:51:20,15:51:18,-1000.00,11.54,4.53,0.00
2024-05-26 17:51:21,15:51:20,-1000.00,11.54,4.53,0.00
2024-05-26 17:51:23,15:51:22,-1000.00,11.54,4.54,0.00
2024-05-26 17:51:25,15:51:23,-1000.00,11.54,4.53,0.00
2024-05-26 17:51:26,15:51:25,-1000.00,11.54,4.54,0.00
2024-05-26 17:51:28,15:51:27,-1000.00,11.54,4.53,0.00
2024-05-26 17:51:30,15:51:28,-1000.00,11.54,4.53,0.00
2024-05-26 17:51:31,15:51:30,-1000.00,11.54,4.53,0.00
2024-05-26 17:51:33,15:51:31,-1000.00,11.54,4.53,0.00
2024-05-26 17:51:35,15:51:33,-1000.00,11.54,4.53,0.00
2024-05-26 17:51:37,15:51:35,-1000.00,11.54,4.54,0.00
2024-05-26 17:51:38,15:51:37,-1000.00,11.54,4.53,0.00
2024-05-26 17:51:40,15:51:38,-1000.00,11.54,4.53,0.00
2024-05-26 17:51:42,15:51:40,-1000.00,11.54,4.53,0.00
2024-05-26 17:51:43,15:51:42,-1000.00,11.54,4.53,0.00
2024-05-26 17:51:45,15:51:43,-1000.00,11.54,4.53,0.00
2024-05-26 17:51:47,15:51:45,-1000.00,11.54,4.53,0.00
2024-05-26 17:51:48,15:51:47,-1000.00,11.54,4.53,0.00
2024-05-26 17:51:50,15:51:48,-1000.00,11.54,4.53,0.00
2024-05-26 17:51:52,15:51:50,-1000.00,11.54,4.53,0.00
2024-05-26 17:51:53,15:51:52,-1000.00,11.54,4.53,0.00
2024-05-26 17:51:55,15:51:53,-1000.00,11.54,4.53,0.00
2024-05-26 17:51:57,15:51:55,-1000.00,11.54,4.53,0.00
2024-05-26 17:51:58,15:51:57,-1000.00,11.54,4.53,0.00
2024-05-26 17:52:00,15:51:58,-1000.00,11.54,4.53,0.00
2024-05-26 17:52:02,15:52:00,-1000.00,11.54,4.53,0.00
2024-05-26 17:52:03,15:52:02,-1000.00,11.52,4.53,0.00
2024-05-26 17:52:05,15:52:03,-1000.00,11.54,4.53,0.00
2024-05-26 17:52:07,15:52:05,-1000.00,11.52,4.53,0.00
2024-05-26 17:52:08,15:52:07,-1000.00,11.54,4.53,0.00
2024-05-26 17:52:10,15:52:08,-1000.00,11.54,4.53,0.00
2024-05-26 17:52:12,15:52:10,-1000.00,11.54,4.53,0.00
2024-05-26 17:52:14,15:52:13,-1000.00,11.54,4.53,0.00
2024-05-26 17:52:16,15:52:14,-1000.00,11.54,4.53,0.00
2024-05-26 17:52:17,15:52:16,-1000.00,11.54,4.53,0.00
2024-05-26 17:52:19,15:52:18,-1000.00,11.54,4.53,0.00
2024-05-26 17:52:21,15:52:19,-1000.00,11.54,4.53,0.00
2024-05-26 17:52:22,15:52:21,-1000.00,11.52,4.53,0.00
2024-05-26 17:52:24,15:52:23,-1000.00,11.54,4.53,0.00
2024-05-26 17:52:26,15:52:24,-1000.00,11.54,4.53,0.00
2024-05-26 17:52:27,15:52:26,-1000.00,11.54,4.53,0.00
2024-05-26 17:52:29,15:52:27,-1000.00,11.54,4.53,0.00
2024-05-26 17:52:31,15:52:29,-1000.00,11.54,4.53,0.00
2024-05-26 17:52:32,15:52:31,-1000.00,11.54,4.52,0.00
2024-05-26 17:52:34,15:52:32,-1000.00,11.54,4.53,0.00
2024-05-26 17:52:36,15:52:34,-1000.00,11.54,4.52,0.00
2024-05-26 17:52:38,15:52:36,-1000.00,11.54,4.52,0.00
2024-05-26 17:52:39,15:52:38,-1000.00,11.54,4.52,0.00
2024-05-26 17:52:41,15:52:39,-1000.00,11.54,4.52,0.00
2024-05-26 17:52:43,15:52:41,-1000.00,11.54,4.52,0.00
2024-05-26 17:52:44,15:52:43,-1000.00,11.54,4.52,0.00
2024-05-26 17:52:46,15:52:44,-1000.00,11.54,4.52,0.00
2024-05-26 17:52:48,15:52:46,-1000.00,11.54,4.52,0.00
2024-05-26 17:52:49,15:52:48,-1000.00,11.54,4.52,0.00
2024-05-26 17:52:51,15:52:49,-1000.00,11.52,4.52,0.00
2024-05-26 17:52:53,15:52:51,-1000.00,11.52,4.52,0.00
2024-05-26 17:52:54,15:52:53,-1000.00,11.54,4.52,0.00
2024-05-26 17:52:56,15:52:54,-1000.00,11.54,4.52,0.00
2024-05-26 17:52:58,15:52:56,-1000.00,11.54,4.52,0.00
2024-05-26 17:52:59,15:52:58,-1000.00,11.52,4.52,0.00
2024-05-26 17:53:01,15:52:59,-1000.00,11.54,4.52,0.00
2024-05-26 17:53:03,15:53:01,-1000.00,11.54,4.52,0.00
2024-05-26 17:53:04,15:53:03,-1000.00,11.54,4.52,0.00
2024-05-26 17:53:06,15:53:04,-1000.00,11.54,4.52,0.00
2024-05-26 17:53:08,15:53:06,-1000.00,11.52,4.52,0.00
2024-05-26 17:53:09,15:53:08,-1000.00,11.54,4.52,0.00
2024-05-26 17:53:11,15:53:10,-1000.00,11.54,4.52,0.00
2024-05-26 17:53:13,15:53:11,-1000.00,11.54,4.52,0.00
2024-05-26 17:53:15,15:53:13,-1000.00,11.54,4.51,0.00
2024-05-26 17:53:16,15:53:15,-1000.00,11.54,4.52,0.00
2024-05-26 17:53:18,15:53:16,-1000.00,11.54,4.52,0.00
2024-05-26 17:53:20,15:53:19,-1000.00,11.54,4.52,0.00
2024-05-26 17:53:21,15:53:20,-1000.00,11.54,4.52,0.00
2024-05-26 17:53:23,15:53:22,-1000.00,11.54,4.52,0.00
2024-05-26 17:53:25,15:53:24,-1000.00,11.54,4.52,0.00
2024-05-26 17:53:26,15:53:25,-1000.00,11.54,4.52,0.00
2024-05-26 17:53:28,15:53:27,-1000.00,11.54,4.52,0.00
2024-05-26 17:53:30,15:53:28,-1000.00,11.54,4.52,0.00
2024-05-26 17:53:31,15:53:30,-1000.00,11.54,4.52,0.00
2024-05-26 17:53:33,15:53:32,-1000.00,11.54,4.52,0.00
2024-05-26 17:53:35,15:53:33,-1000.00,11.54,4.52,0.00
2024-05-26 17:53:36,15:53:35,-1000.00,11.52,4.52,0.00
2024-05-26 17:53:38,15:53:37,-1000.00,11.54,4.52,0.00
2024-05-26 17:53:40,15:53:39,-1000.00,11.54,4.52,0.00
2024-05-26 17:53:41,15:53:40,-1000.00,11.52,4.52,0.00
2024-05-26 17:53:43,15:53:42,-1000.00,11.54,4.52,0.00
2024-05-26 17:53:45,15:53:44,-1000.00,11.54,4.52,0.00
2024-05-26 17:53:46,15:53:45,-1000.00,11.54,4.52,0.00
2024-05-26 17:53:48,15:53:47,-1000.00,11.54,4.52,0.00
2024-05-26 17:53:50,15:53:49,-1000.00,11.54,4.52,0.00
2024-05-26 17:53:51,15:53:50,-1000.00,11.54,4.52,0.00
2024-05-26 17:53:53,15:53:52,-1000.00,11.54,4.52,0.00
2024-05-26 17:53:55,15:53:53,-1000.00,11.54,4.52,0.00
2024-05-26 17:53:56,15:53:55,-1000.00,11.54,4.52,0.00
2024-05-26 17:53:58,15:53:57,-1000.00,11.52,4.52,0.00
2024-05-26 17:54:00,15:53:58,-1000.00,11.54,4.52,0.00
2024-05-26 17:54:01,15:54:00,-1000.00,11.54,4.52,0.00
2024-05-26 17:54:03,15:54:02,-1000.00,11.54,4.52,0.00
2024-05-26 17:54:04,15:54:03,-1000.00,11.54,4.52,0.00
2024-05-26 17:54:06,15:54:05,-1000.00,11.54,4.52,0.00
2024-05-26 17:54:08,15:54:07,-1000.00,11.52,4.52,0.00
2024-05-26 17:54:10,15:54:08,-1000.00,11.54,4.52,0.00
2024-05-26 17:54:12,15:54:10,-1000.00,11.54,4.52,0.00
2024-05-26 17:54:13,15:54:12,-1000.00,11.54,4.52,0.00
2024-05-26 17:54:15,15:54:14,-1000.00,11.54,4.52,0.00
2024-05-26 17:54:17,15:54:16,-1000.00,11.52,4.52,0.00
2024-05-26 17:54:18,15:54:17,-1000.00,11.54,4.52,0.00
2024-05-26 17:54:20,15:54:19,-1000.00,11.54,4.53,0.00
2024-05-26 17:54:22,15:54:20,-1000.00,11.54,4.52,0.00
2024-05-26 17:54:23,15:54:22,-1000.00,11.54,4.53,0.00
2024-05-26 17:54:25,15:54:23,-1000.00,11.54,4.52,0.00
2024-05-26 17:54:27,15:54:25,-1000.00,11.54,4.52,0.00
2024-05-26 17:54:28,15:54:27,-1000.00,11.54,4.53,0.00
2024-05-26 17:54:30,15:54:28,-1000.00,11.52,4.53,27.00
2024-05-26 17:54:32,15:54:30,-1000.00,11.54,4.53,0.00
2024-05-26 17:54:33,15:54:32,-1000.00,11.54,4.53,0.00
2024-05-26 17:54:35,15:54:33,-1000.00,11.54,4.52,0.00
2024-05-26 17:54:37,15:54:35,-1000.00,11.52,4.52,0.00
2024-05-26 17:54:38,15:54:37,-1000.00,11.54,4.52,0.00
2024-05-26 17:54:40,15:54:38,-1000.00,11.54,4.53,0.00
2024-05-26 17:54:42,15:54:40,-1000.00,11.54,4.52,0.00
2024-05-26 17:54:43,15:54:42,-1000.00,11.54,4.53,0.00
2024-05-26 17:54:45,15:54:44,-1000.00,11.54,4.52,0.00
2024-05-26 17:54:47,15:54:45,-1000.00,11.52,4.53,0.00
2024-05-26 17:54:48,15:54:47,-1000.00,11.54,4.53,0.00
2024-05-26 17:54:50,15:54:49,-1000.00,11.54,4.53,0.00
2024-05-26 17:54:52,15:54:50,-1000.00,11.54,4.53,0.00
2024-05-26 17:54:53,15:54:52,-1000.00,11.54,4.53,0.00
2024-05-26 17:54:55,15:54:53,-1000.00,11.54,4.53,0.00
2024-05-26 17:54:57,15:54:55,-1000.00,11.54,4.53,0.00
2024-05-26 17:54:58,15:54:57,-1000.00,11.54,4.53,0.00
2024-05-26 17:55:00,15:54:58,-1000.00,11.54,4.53,0.00
2024-05-26 17:55:02,15:55:00,-1000.00,11.54,4.53,0.00
2024-05-26 17:55:03,15:55:02,-1000.00,11.54,4.53,0.00
2024-05-26 17:55:05,15:55:03,-1000.00,11.54,4.53,0.00
2024-05-26 17:55:07,15:55:05,-1000.00,11.54,4.53,0.00
2024-05-26 17:55:08,15:55:07,-1000.00,11.52,4.53,0.00
2024-05-26 17:55:10,15:55:08,-1000.00,11.54,4.53,0.00
2024-05-26 17:55:12,15:55:10,-1000.00,11.54,4.53,0.00
2024-05-26 17:55:14,15:55:12,-1000.00,11.54,4.53,0.00
2024-05-26 17:55:16,15:55:14,-1000.00,11.52,4.52,0.00
2024-05-26 17:55:17,15:55:16,-1000.00,11.54,4.53,0.00
2024-05-26 17:55:19,15:55:17,-1000.00,11.54,4.53,0.00
2024-05-26 17:55:21,15:55:20,-1000.00,11.54,4.53,0.00
2024-05-26 17:55:22,15:55:21,-1000.00,11.54,4.52,0.00
2024-05-26 17:55:24,15:55:23,-1000.00,11.54,4.53,0.00
2024-05-26 17:55:26,15:55:24,-1000.00,11.54,4.52,0.00
2024-05-26 17:55:27,15:55:26,-1000.00,11.54,4.53,0.00
2024-05-26 17:55:29,15:55:28,-1000.00,11.54,4.52,0.00
2024-05-26 17:55:31,15:55:29,-1000.00,11.54,4.52,0.00
2024-05-26 17:55:32,15:55:31,-1000.00,11.54,4.52,0.00
2024-05-26 17:55:34,15:55:33,-1000.00,11.54,4.52,0.00
2024-05-26 17:55:35,15:55:34,-1000.00,11.54,4.52,0.00
2024-05-26 17:55:37,15:55:36,-1000.00,11.54,4.52,0.00
2024-05-26 17:55:39,15:55:38,-1000.00,11.54,4.52,0.00
2024-05-26 17:55:41,15:55:39,-1000.00,11.52,4.52,0.00
2024-05-26 17:55:42,15:55:41,-1000.00,11.54,4.52,0.00
2024-05-26 17:55:44,15:55:43,-1000.00,11.54,4.52,0.00
2024-05-26 17:55:46,15:55:44,-1000.00,11.54,4.52,0.00
2024-05-26 17:55:47,15:55:46,-1000.00,11.52,4.52,0.00
2024-05-26 17:55:49,15:55:48,-1000.00,11.54,4.52,0.00
2024-05-26 17:55:51,15:55:49,-1000.00,11.54,4.52,0.00
2024-05-26 17:55:52,15:55:51,-1000.00,11.52,4.52,0.00
2024-05-26 17:55:54,15:55:53,-1000.00,11.54,4.52,0.00
2024-05-26 17:55:55,15:55:54,-1000.00,11.54,4.52,0.00
2024-05-26 17:55:57,15:55:56,-1000.00,11.54,4.52,0.00
2024-05-26 17:55:59,15:55:58,-1000.00,11.54,4.52,0.00
2024-05-26 17:56:00,15:55:59,-1000.00,11.54,4.52,0.00
2024-05-26 17:56:02,15:56:01,-1000.00,11.54,4.52,0.00
2024-05-26 17:56:04,15:56:03,-1000.00,11.54,4.52,0.00
2024-05-26 17:56:05,15:56:04,-1000.00,11.54,4.52,0.00
2024-05-26 17:56:07,15:56:06,-1000.00,11.54,4.52,0.00
2024-05-26 17:56:09,15:56:07,-1000.00,11.54,4.52,0.00
2024-05-26 17:56:10,15:56:09,-1000.00,11.54,4.52,0.00
2024-05-26 17:56:12,15:56:11,-1000.00,11.52,4.52,0.00
2024-05-26 17:56:14,15:56:13,-1000.00,11.54,4.52,0.00
2024-05-26 17:56:16,15:56:15,-1000.00,11.54,4.52,0.00
2024-05-26 17:56:17,15:56:16,-1000.00,11.54,4.52,0.00
2024-05-26 17:56:19,15:56:18,-1000.00,11.54,4.52,0.00
2024-05-26 17:56:21,15:56:20,-1000.00,11.54,4.52,0.00
2024-05-26 17:56:22,15:56:21,-1000.00,11.54,4.52,0.00
2024-05-26 17:56:24,15:56:23,-1000.00,11.54,4.52,0.00
2024-05-26 17:56:26,15:56:25,-1000.00,11.54,4.52,0.00
2024-05-26 17:56:27,15:56:26,-1000.00,11.54,4.52,0.00
2024-05-26 17:56:29,15:56:28,-1000.00,11.54,4.53,0.00
2024-05-26 17:56:31,15:56:29,-1000.00,11.54,4.53,0.00
2024-05-26 17:56:32,15:56:31,-1000.00,11.54,4.52,0.00
2024-05-26 17:56:34,15:56:33,-1000.00,11.54,4.52,0.00
2024-05-26 17:56:36,15:56:34,-1000.00,11.54,4.53,0.00
2024-05-26 17:56:37,15:56:36,-1000.00,11.54,4.52,0.00
2024-05-26 17:56:39,15:56:38,-1000.00,11.54,4.53,0.00
2024-05-26 17:56:41,15:56:39,-1000.00,11.54,4.53,0.00
2024-05-26 17:56:42,15:56:41,-1000.00,11.54,4.53,0.00
2024-05-26 17:56:44,15:56:43,-1000.00,11.54,4.53,0.00
2024-05-26 17:56:46,15:56:44,-1000.00,11.54,4.53,0.00
2024-05-26 17:56:47,15:56:46,-1000.00,11.54,4.53,0.00
2024-05-26 17:56:49,15:56:48,-1000.00,11.54,4.53,0.00
2024-05-26 17:56:51,15:56:49,-1000.00,11.54,4.53,0.00
2024-05-26 17:56:52,15:56:51,-1000.00,11.54,4.53,0.00
2024-05-26 17:56:54,15:56:53,-1000.00,11.54,4.53,0.00
2024-05-26 17:56:56,15:56:54,-1000.00,11.54,4.53,0.00
2024-05-26 17:56:57,15:56:56,-1000.00,11.54,4.53,0.00
2024-05-26 17:56:59,15:56:58,-1000.00,11.52,4.53,0.00
2024-05-26 17:57:01,15:56:59,-1000.00,11.54,4.53,0.00
2024-05-26 17:57:02,15:57:01,-1000.00,11.54,4.53,0.00
2024-05-26 17:57:04,15:57:03,-1000.00,11.52,4.53,0.00
2024-05-26 17:57:06,15:57:04,-1000.00,11.54,4.53,0.00
2024-05-26 17:57:07,15:57:06,-1000.00,11.54,4.53,0.00
2024-05-26 17:57:09,15:57:08,-1000.00,11.54,4.53,0.00
2024-05-26 17:57:11,15:57:09,-1000.00,11.54,4.53,0.00
2024-05-26 17:57:13,15:57:12,-1000.00,11.54,4.53,0.00
2024-05-26 17:57:15,15:57:13,-1000.00,11.54,4.53,0.00
2024-05-26 17:57:16,15:57:15,-1000.00,11.54,4.53,0.00
2024-05-26 17:57:18,15:57:17,-1000.00,11.54,4.53,0.00
2024-05-26 17:57:20,15:57:18,-1000.00,11.54,4.53,0.00
2024-05-26 17:57:21,15:57:21,-1000.00,11.54,4.53,0.00
2024-05-26 17:57:23,15:57:22,-1000.00,11.54,4.53,0.00
2024-05-26 17:57:25,15:57:24,-1000.00,11.54,4.53,0.00
2024-05-26 17:57:26,15:57:26,-1000.00,11.54,4.53,0.00
2024-05-26 17:57:28,15:57:27,-1000.00,11.54,4.53,0.00
2024-05-26 17:57:30,15:57:29,-1000.00,11.54,4.53,0.00
2024-05-26 17:57:31,15:57:31,-1000.00,11.54,4.53,0.00
2024-05-26 17:57:33,15:57:32,-1000.00,11.52,4.53,0.00
2024-05-26 17:57:35,15:57:34,-1000.00,11.54,4.53,0.00
2024-05-26 17:57:36,15:57:35,-1000.00,11.54,4.53,0.00
2024-05-26 17:57:38,15:57:37,-1000.00,11.52,4.53,0.00
2024-05-26 17:57:39,15:57:39,-1000.00,11.54,4.53,0.00
2024-05-26 17:57:41,15:57:40,-1000.00,11.54,4.52,0.00
2024-05-26 17:57:43,15:57:42,-1000.00,11.52,4.53,0.00
2024-05-26 17:57:45,15:57:44,-1000.00,11.54,4.53,0.00
2024-05-26 17:57:46,15:57:46,-1000.00,11.54,4.53,0.00
2024-05-26 17:57:48,15:57:47,-1000.00,11.54,4.53,0.00
2024-05-26 17:57:50,15:57:49,-1000.00,11.54,4.53,0.00
2024-05-26 17:57:51,15:57:51,-1000.00,11.54,4.52,0.00
2024-05-26 17:57:53,15:57:52,-1000.00,11.54,4.53,0.00
2024-05-26 17:57:55,15:57:54,-1000.00,11.54,4.53,0.00
2024-05-26 17:57:56,15:57:55,-1000.00,11.54,4.53,0.00
2024-05-26 17:57:58,15:57:57,-1000.00,11.54,4.53,0.00
2024-05-26 17:58:00,15:57:59,-1000.00,11.54,4.53,0.00
2024-05-26 17:58:01,15:58:00,-1000.00,11.54,4.53,0.00
2024-05-26 17:58:03,15:58:02,-1000.00,11.54,4.53,0.00
2024-05-26 17:58:04,15:58:04,-1000.00,11.54,4.53,0.00
2024-05-26 17:58:06,15:58:05,-1000.00,11.54,4.53,0.00
2024-05-26 17:58:08,15:58:07,-1000.00,11.54,4.53,0.00
2024-05-26 17:58:10,15:58:09,-1000.00,11.54,4.53,0.00
2024-05-26 17:58:12,15:58:10,-1000.00,11.54,4.53,0.00
2024-05-26 17:58:13,15:58:13,-1000.00,11.54,4.53,0.00
2024-05-26 17:58:15,15:58:14,-1000.00,11.54,4.53,0.00
2024-05-26 17:58:17,15:58:16,-1000.00,11.54,4.53,0.00
2024-05-26 17:58:18,15:58:18,-1000.00,11.54,4.53,0.00
2024-05-26 17:58:20,15:58:19,-1000.00,11.54,4.53,0.00
2024-05-26 17:58:22,15:58:21,-1000.00,11.54,4.53,0.00
2024-05-26 17:58:23,15:58:22,-1000.00,11.54,4.53,0.00
2024-05-26 17:58:25,15:58:24,-1000.00,11.54,4.53,0.00
2024-05-26 17:58:27,15:58:25,-1000.00,11.54,4.53,0.00
2024-05-26 17:58:28,15:58:27,-1000.00,11.54,4.53,0.00
2024-05-26 17:58:30,15:58:29,-1000.00,11.54,4.53,0.00
2024-05-26 17:58:32,15:58:30,-1000.00,11.54,4.53,0.00
2024-05-26 17:58:33,15:58:32,-1000.00,11.54,4.53,0.00
2024-05-26 17:58:35,15:58:34,-1000.00,11.54,4.53,0.00
2024-05-26 17:58:36,15:58:35,-1000.00,11.54,4.53,0.00
2024-05-26 17:58:38,15:58:37,-1000.00,11.54,4.53,0.00
2024-05-26 17:58:40,15:58:39,-1000.00,11.54,4.53,0.00
2024-05-26 17:58:41,15:58:40,-1000.00,11.54,4.53,0.00
2024-05-26 17:58:43,15:58:42,-1000.00,11.54,4.53,0.00
2024-05-26 17:58:45,15:58:44,-1000.00,11.54,4.53,0.00
2024-05-26 17:58:46,15:58:45,-1000.00,11.54,4.53,0.00
2024-05-26 17:58:48,15:58:47,-1000.00,11.54,4.53,0.00
2024-05-26 17:58:50,15:58:49,-1000.00,11.54,4.53,0.00
2024-05-26 17:58:51,15:58:50,-1000.00,11.54,4.53,0.00
2024-05-26 17:58:53,15:58:52,-1000.00,11.54,4.53,0.00
2024-05-26 17:58:55,15:58:54,-1000.00,11.54,4.53,0.00
2024-05-26 17:58:56,15:58:55,-1000.00,11.54,4.52,0.00
2024-05-26 17:58:58,15:58:57,-1000.00,11.54,4.52,0.00
2024-05-26 17:59:00,15:58:59,-1000.00,11.54,4.53,0.00
2024-05-26 17:59:01,15:59:00,-1000.00,11.54,4.52,0.00
2024-05-26 17:59:03,15:59:02,-1000.00,11.54,4.52,0.00
2024-05-26 17:59:05,15:59:03,-1000.00,11.54,4.53,0.00
2024-05-26 17:59:06,15:59:05,-1000.00,11.54,4.53,0.00
2024-05-26 17:59:08,15:59:07,-1000.00,11.54,4.53,0.00
2024-05-26 17:59:10,15:59:08,-1000.00,11.54,4.52,0.00
2024-05-26 17:59:12,15:59:10,-1000.00,11.52,4.52,0.00
2024-05-26 17:59:14,15:59:12,-1000.00,11.54,4.52,0.00
2024-05-26 17:59:15,15:59:14,-1000.00,11.54,4.52,0.00
2024-05-26 17:59:17,15:59:16,-1000.00,11.54,4.52,0.00
2024-05-26 17:59:18,15:59:17,-1000.00,11.54,4.52,0.00
2024-05-26 17:59:20,15:59:19,-1000.00,11.54,4.52,0.00
2024-05-26 17:59:22,15:59:21,-1000.00,11.52,4.52,0.00
2024-05-26 17:59:23,15:59:22,-1000.00,11.54,4.52,0.00
2024-05-26 17:59:25,15:59:24,-1000.00,11.54,4.52,0.00
2024-05-26 17:59:27,15:59:25,-1000.00,11.54,4.52,0.00
2024-05-26 17:59:28,15:59:27,-1000.00,11.54,4.53,0.00
2024-05-26 17:59:30,15:59:29,-1000.00,11.54,4.52,0.00
2024-05-26 17:59:32,15:59:31,-1000.00,11.54,4.53,0.00
2024-05-26 17:59:34,15:59:32,-1000.00,11.54,4.52,0.00
2024-05-26 17:59:35,15:59:34,-1000.00,11.54,4.53,0.00
2024-05-26 17:59:37,15:59:36,-1000.00,11.54,4.52,0.00
2024-05-26 17:59:39,15:59:37,-1000.00,11.54,4.52,0.00
2024-05-26 17:59:40,15:59:39,-1000.00,11.54,4.52,0.00
2024-05-26 17:59:42,15:59:41,-1000.00,11.54,4.52,0.00
2024-05-26 17:59:44,15:59:42,-1000.00,11.54,4.52,0.00
2024-05-26 17:59:45,15:59:44,-1000.00,11.54,4.53,0.00
2024-05-26 17:59:47,15:59:46,-1000.00,11.54,4.53,0.00
2024-05-26 17:59:49,15:59:47,-1000.00,11.54,4.53,0.00
2024-05-26 17:59:50,15:59:49,-1000.00,11.54,4.53,0.00
2024-05-26 17:59:52,15:59:51,-1000.00,11.54,4.53,0.00
2024-05-26 17:59:54,15:59:52,-1000.00,11.54,4.53,0.00
2024-05-26 17:59:55,15:59:54,-1000.00,11.52,4.53,0.00
2024-05-26 17:59:57,15:59:56,-1000.00,11.54,4.53,0.00
2024-05-26 17:59:59,15:59:57,-1000.00,11.54,4.53,0.00
2024-05-26 18:00:00,15:59:59,-1000.00,11.52,4.53,0.00
2024-05-26 18:00:02,16:00:01,-1000.00,11.54,4.53,0.00
2024-05-26 18:00:04,16:00:02,-1000.00,11.54,4.53,0.00
2024-05-26 18:00:05,16:00:04,-1000.00,11.54,4.53,0.00
2024-05-26 18:00:07,16:00:06,-1000.00,11.54,4.53,0.00
2024-05-26 18:00:09,16:00:07,-1000.00,11.54,4.53,0.00
2024-05-26 18:00:11,16:00:09,-1000.00,11.54,4.53,0.00
2024-05-26 18:00:12,16:00:11,-1000.00,11.54,4.53,0.00
2024-05-26 18:00:14,16:00:13,-1000.00,11.54,4.53,0.00
2024-05-26 18:00:16,16:00:14,-1000.00,11.54,4.53,0.00
2024-05-26 18:00:17,16:00:16,-1000.00,11.54,4.53,0.00
2024-05-26 18:00:19,16:00:18,-1000.00,11.54,4.53,0.00
2024-05-26 18:00:21,16:00:19,-1000.00,11.54,4.53,0.00
2024-05-26 18:00:22,16:00:22,-1000.00,11.54,4.53,0.00
2024-05-26 18:00:24,16:00:23,-1000.00,11.54,4.53,0.00
2024-05-26 18:00:26,16:00:25,-1000.00,11.54,4.53,0.00
2024-05-26 18:00:27,16:00:26,-1000.00,11.54,4.53,0.00
2024-05-26 18:00:29,16:00:28,-1000.00,11.54,4.53,0.00
2024-05-26 18:00:31,16:00:30,-1000.00,11.54,4.53,0.00
2024-05-26 18:00:32,16:00:31,-1000.00,11.54,4.53,0.00
2024-05-26 18:00:34,16:00:33,-1000.00,11.52,4.53,0.00
2024-05-26 18:00:36,16:00:35,-1000.00,11.54,4.53,0.00
2024-05-26 18:00:37,16:00:36,-1000.00,11.54,4.53,0.00
2024-05-26 18:00:39,16:00:38,-1000.00,11.54,4.53,0.00
2024-05-26 18:00:41,16:00:40,-1000.00,11.54,4.53,0.00
2024-05-26 18:00:42,16:00:41,-1000.00,11.54,4.53,0.00
2024-05-26 18:00:44,16:00:43,-1000.00,11.54,4.53,0.00
2024-05-26 18:00:46,16:00:45,-1000.00,11.54,4.53,0.00
2024-05-26 18:00:47,16:00:46,-1000.00,11.54,4.53,0.00
2024-05-26 18:00:49,16:00:48,-1000.00,11.54,4.53,0.00
2024-05-26 18:00:51,16:00:50,-1000.00,11.54,4.53,0.00
2024-05-26 18:00:52,16:00:51,-1000.00,11.54,4.53,0.00
2024-05-26 18:00:54,16:00:53,-1000.00,11.54,4.53,0.00
2024-05-26 18:00:56,16:00:55,-1000.00,11.54,4.53,0.00
2024-05-26 18:00:57,16:00:56,-1000.00,11.52,4.53,0.00
2024-05-26 18:00:59,16:00:58,-1000.00,11.54,4.53,0.00
2024-05-26 18:01:01,16:01:00,-1000.00,11.54,4.53,0.00
2024-05-26 18:01:02,16:01:01,-1000.00,11.54,4.53,0.00
2024-05-26 18:01:04,16:01:03,-1000.00,11.54,4.53,0.00
2024-05-26 18:01:05,16:01:05,-1000.00,11.54,4.53,0.00
2024-05-26 18:01:07,16:01:06,-1000.00,11.54,4.53,0.00
2024-05-26 18:01:09,16:01:08,-1000.00,11.54,4.53,0.00
2024-05-26 18:01:11,16:01:10,-1000.00,11.54,4.53,0.00
2024-05-26 18:01:12,16:01:11,-1000.00,11.54,4.53,0.00
2024-05-26 18:01:14,16:01:13,-1000.00,11.52,4.53,0.00
2024-05-26 18:01:16,16:01:15,-1000.00,11.52,4.53,0.00
2024-05-26 18:01:17,16:01:17,-1000.00,11.54,4.53,0.00
2024-05-26 18:01:19,16:01:18,-1000.00,11.54,4.53,0.00
2024-05-26 18:01:21,16:01:20,-1000.00,11.54,4.53,0.00
2024-05-26 18:01:22,16:01:22,-1000.00,11.54,4.53,0.00
2024-05-26 18:01:24,16:01:23,-1000.00,11.54,4.54,0.00
2024-05-26 18:01:26,16:01:25,-1000.00,11.54,4.53,0.00
2024-05-26 18:01:27,16:01:26,-1000.00,11.54,4.53,0.00
2024-05-26 18:01:29,16:01:28,-1000.00,11.52,4.53,0.00
2024-05-26 18:01:31,16:01:30,-1000.00,11.54,4.53,0.00
2024-05-26 18:01:32,16:01:31,-1000.00,11.54,4.53,0.00
2024-05-26 18:01:34,16:01:33,-1000.00,11.54,4.53,0.00
2024-05-26 18:01:36,16:01:35,-1000.00,11.54,4.53,0.00
2024-05-26 18:01:37,16:01:36,-1000.00,11.54,4.53,0.00
2024-05-26 18:01:39,16:01:38,-1000.00,11.54,4.53,0.00
2024-05-26 18:01:41,16:01:40,-1000.00,11.54,4.53,0.00
2024-05-26 18:01:42,16:01:41,-1000.00,11.52,4.53,0.00
2024-05-26 18:01:44,16:01:43,-1000.00,11.54,4.53,0.00
2024-05-26 18:01:46,16:01:45,-1000.00,11.54,4.53,0.00
2024-05-26 18:01:47,16:01:47,-1000.00,11.54,4.53,0.00
2024-05-26 18:01:49,16:01:48,-1000.00,11.54,4.53,0.00
2024-05-26 18:01:51,16:01:50,-1000.00,11.54,4.53,0.00
2024-05-26 18:01:52,16:01:52,-1000.00,11.54,4.53,0.00
2024-05-26 18:01:54,16:01:53,-1000.00,11.54,4.53,0.00
2024-05-26 18:01:56,16:01:55,-1000.00,11.54,4.53,0.00
2024-05-26 18:01:57,16:01:56,-1000.00,11.54,4.53,0.00
2024-05-26 18:01:59,16:01:58,-1000.00,11.54,4.53,0.00
2024-05-26 18:02:01,16:02:00,-1000.00,11.54,4.53,0.00
2024-05-26 18:02:02,16:02:01,-1000.00,11.54,4.53,0.00
2024-05-26 18:02:04,16:02:03,-1000.00,11.54,4.53,0.00
2024-05-26 18:02:05,16:02:05,-1000.00,11.54,4.53,0.00
2024-05-26 18:02:07,16:02:06,-1000.00,11.54,4.53,0.00
2024-05-26 18:02:09,16:02:08,-1000.00,11.54,4.53,0.00
2024-05-26 18:02:11,16:02:10,-1000.00,11.54,4.53,0.00
2024-05-26 18:02:12,16:02:11,-1000.00,11.52,4.53,0.00
2024-05-26 18:02:14,16:02:13,-1000.00,11.54,4.53,0.00
2024-05-26 18:02:16,16:02:15,-1000.00,11.54,4.53,0.00
2024-05-26 18:02:17,16:02:17,-1000.00,11.57,4.53,0.00
2024-05-26 18:02:19,16:02:18,-1000.00,11.54,4.53,0.00
2024-05-26 18:02:21,16:02:20,-1000.00,11.54,4.53,0.00
2024-05-26 18:02:22,16:02:21,-1000.00,11.54,4.53,0.00
2024-05-26 18:02:24,16:02:23,-1000.00,11.54,4.53,0.00
2024-05-26 18:02:26,16:02:24,-1000.00,11.54,4.53,0.00
2024-05-26 18:02:27,16:02:26,-1000.00,11.54,4.53,0.00
2024-05-26 18:02:29,16:02:27,-1000.00,11.54,4.53,0.00
2024-05-26 18:02:31,16:02:29,-1000.00,11.54,4.53,0.00
2024-05-26 18:02:32,16:02:31,-1000.00,11.54,4.53,0.00
2024-05-26 18:02:34,16:02:32,-1000.00,11.54,4.53,0.00
2024-05-26 18:02:36,16:02:34,-1000.00,11.54,4.53,0.00
2024-05-26 18:02:37,16:02:36,-1000.00,11.52,4.53,0.00
2024-05-26 18:02:39,16:02:37,-1000.00,11.54,4.53,0.00
2024-05-26 18:02:40,16:02:39,-1000.00,11.54,4.53,0.00
2024-05-26 18:02:42,16:02:41,-1000.00,11.54,4.53,0.00
2024-05-26 18:02:44,16:02:42,-1000.00,11.54,4.53,0.00
2024-05-26 18:02:46,16:02:44,-1000.00,11.54,4.53,0.00
2024-05-26 18:02:47,16:02:46,-1000.00,11.54,4.53,0.00
2024-05-26 18:02:49,16:02:48,-1000.00,11.54,4.53,0.00
2024-05-26 18:02:51,16:02:49,-1000.00,11.54,4.53,0.00
2024-05-26 18:02:52,16:02:51,-1000.00,11.54,4.53,0.00
2024-05-26 18:02:54,16:02:53,-1000.00,11.54,4.53,0.00
2024-05-26 18:02:56,16:02:54,-1000.00,11.54,4.53,0.00
2024-05-26 18:02:57,16:02:56,-1000.00,11.54,4.53,0.00
2024-05-26 18:02:59,16:02:57,-1000.00,11.52,4.53,0.00
2024-05-26 18:03:01,16:02:59,-1000.00,11.54,4.53,0.00
2024-05-26 18:03:02,16:03:01,-1000.00,11.54,4.53,0.00
2024-05-26 18:03:04,16:03:02,-1000.00,11.54,4.53,0.00
2024-05-26 18:03:05,16:03:04,-1000.00,11.54,4.53,0.00
2024-05-26 18:03:07,16:03:06,-1000.00,11.54,4.53,0.00
2024-05-26 18:03:09,16:03:07,-1000.00,11.52,4.53,0.00
2024-05-26 18:03:11,16:03:09,-1000.00,11.54,4.53,0.00
2024-05-26 18:03:13,16:03:11,-1000.00,11.54,4.53,0.00
2024-05-26 18:03:14,16:03:13,-1000.00,11.54,4.53,0.00
2024-05-26 18:03:16,16:03:14,-1000.00,11.54,4.53,0.00
2024-05-26 18:03:18,16:03:16,-1000.00,11.54,4.53,0.00
2024-05-26 18:03:19,16:03:18,-1000.00,11.54,4.53,0.00
2024-05-26 18:03:21,16:03:19,-1000.00,11.54,4.53,0.00
2024-05-26 18:03:22,16:03:21,-1000.00,11.54,4.53,0.00
2024-05-26 18:03:24,16:03:24,-1000.00,11.54,4.53,0.00
2024-05-26 18:03:26,16:03:25,-1000.00,11.54,4.53,0.00
2024-05-26 18:03:27,16:03:27,-1000.00,11.52,4.53,0.00
2024-05-26 18:03:29,16:03:28,-1000.00,11.54,4.52,0.00
2024-05-26 18:03:31,16:03:30,-1000.00,11.54,4.52,0.00
2024-05-26 18:03:32,16:03:32,-1000.00,11.54,4.52,0.00
2024-05-26 18:03:34,16:03:33,-1000.00,11.54,4.52,0.00
2024-05-26 18:03:36,16:03:35,-1000.00,11.54,4.52,0.00
2024-05-26 18:03:37,16:03:37,-1000.00,11.54,4.52,0.00
2024-05-26 18:03:39,16:03:38,-1000.00,11.54,4.52,0.00
2024-05-26 18:03:41,16:03:40,-1000.00,11.54,4.52,0.00
2024-05-26 18:03:42,16:03:42,-1000.00,11.54,4.52,0.00
2024-05-26 18:03:44,16:03:43,-1000.00,11.54,4.52,0.00
2024-05-26 18:03:46,16:03:45,-1000.00,11.54,4.52,0.00
2024-05-26 18:03:47,16:03:47,-1000.00,11.54,4.52,0.00
2024-05-26 18:03:49,16:03:48,-1000.00,11.54,4.52,0.00
2024-05-26 18:03:51,16:03:50,-1000.00,11.54,4.52,0.00
2024-05-26 18:03:52,16:03:52,-1000.00,11.54,4.52,0.00
2024-05-26 18:03:54,16:03:53,-1000.00,11.54,4.52,0.00
2024-05-26 18:03:56,16:03:55,-1000.00,11.54,4.52,0.00
2024-05-26 18:03:57,16:03:57,-1000.00,11.54,4.52,0.00
2024-05-26 18:03:59,16:03:58,-1000.00,11.54,4.52,0.00
2024-05-26 18:04:01,16:04:00,-1000.00,11.54,4.52,0.00
2024-05-26 18:04:02,16:04:02,-1000.00,11.54,4.52,0.00
2024-05-26 18:04:04,16:04:03,-1000.00,11.54,4.52,0.00
2024-05-26 18:04:05,16:04:05,-1000.00,11.54,4.52,0.00
2024-05-26 18:04:07,16:04:06,-1000.00,11.54,4.52,0.00
2024-05-26 18:04:09,16:04:08,-1000.00,11.54,4.52,0.00
2024-05-26 18:04:11,16:04:10,-1000.00,11.54,4.52,0.00
2024-05-26 18:04:12,16:04:12,-1000.00,11.54,4.52,0.00
2024-05-26 18:04:14,16:04:13,-1000.00,11.54,4.52,0.00
2024-05-26 18:04:16,16:04:15,-1000.00,11.54,4.52,0.00
2024-05-26 18:04:17,16:04:17,-1000.00,11.54,4.52,0.00
2024-05-26 18:04:19,16:04:18,-1000.00,11.54,4.52,0.00
2024-05-26 18:04:21,16:04:20,-1000.00,11.54,4.52,0.00
2024-05-26 18:04:22,16:04:22,-1000.00,11.54,4.52,0.00
2024-05-26 18:04:24,16:04:23,-1000.00,11.54,4.52,0.00
2024-05-26 18:04:26,16:04:25,-1000.00,11.54,4.52,0.00
2024-05-26 18:04:27,16:04:26,-1000.00,11.54,4.52,0.00
2024-05-26 18:04:29,16:04:28,-1000.00,11.54,4.53,0.00
2024-05-26 18:04:31,16:04:29,-1000.00,11.54,4.52,0.00
2024-05-26 18:04:32,16:04:31,-1000.00,11.54,4.52,0.00
2024-05-26 18:04:34,16:04:33,-1000.00,11.54,4.52,0.00
2024-05-26 18:04:36,16:04:34,-1000.00,11.54,4.52,0.00
2024-05-26 18:04:37,16:04:36,-1000.00,11.54,4.52,0.00
2024-05-26 18:04:39,16:04:38,-1000.00,11.54,4.52,0.00
2024-05-26 18:04:41,16:04:39,-1000.00,11.54,4.52,0.00
2024-05-26 18:04:42,16:04:41,-1000.00,11.54,4.52,0.00
2024-05-26 18:04:44,16:04:43,-1000.00,11.54,4.52,0.00
2024-05-26 18:04:45,16:04:44,-1000.00,11.54,4.52,0.00
2024-05-26 18:04:47,16:04:46,-1000.00,11.54,4.52,0.00
2024-05-26 18:04:49,16:04:48,-1000.00,11.54,4.52,0.00
2024-05-26 18:04:51,16:04:49,-1000.00,11.54,4.52,0.00
2024-05-26 18:04:52,16:04:51,-1000.00,11.54,4.52,0.00
2024-05-26 18:04:54,16:04:53,-1000.00,11.54,4.52,0.00
2024-05-26 18:04:56,16:04:54,-1000.00,11.54,4.53,0.00
2024-05-26 18:04:57,16:04:56,-1000.00,11.54,4.53,0.00
2024-05-26 18:04:59,16:04:58,-1000.00,11.52,4.54,0.00
2024-05-26 18:05:01,16:05:00,-1000.00,11.54,4.52,0.00
2024-05-26 18:05:02,16:05:01,-1000.00,11.54,4.53,0.00
2024-05-26 18:05:04,16:05:03,-1000.00,11.54,4.53,0.00
2024-05-26 18:05:06,16:05:05,-1000.00,11.54,4.53,0.00
2024-05-26 18:05:07,16:05:06,-1000.00,11.54,4.53,0.00
2024-05-26 18:05:09,16:05:08,-1000.00,11.54,4.53,0.00
2024-05-26 18:05:12,16:05:10,-1000.00,11.54,4.54,0.00
2024-05-26 18:05:13,16:05:12,-1000.00,11.54,4.53,0.00
2024-05-26 18:05:15,16:05:14,-1000.00,11.54,4.53,0.00
2024-05-26 18:05:17,16:05:16,-1000.00,11.54,4.53,0.00
2024-05-26 18:05:18,16:05:17,-1000.00,11.54,4.53,0.00
2024-05-26 18:05:40,16:05:37,-1000.00,11.54,4.53,0.00
2024-05-26 18:05:42,16:05:41,-1000.00,11.54,4.53,0.00
2024-05-26 18:05:44,16:05:42,-1000.00,11.54,4.53,0.00
2024-05-26 18:05:47,16:05:46,-1000.00,11.54,4.53,0.00
2024-05-26 18:05:51,16:05:49,-1000.00,11.54,4.53,0.00
2024-05-26 18:05:52,16:05:51,-1000.00,11.54,4.53,0.00
2024-05-26 18:05:54,16:05:52,-1000.00,11.54,4.53,0.00
2024-05-26 18:05:56,16:05:54,-1000.00,11.54,4.53,0.00
2024-05-26 18:05:57,16:05:56,-1000.00,11.54,4.53,0.00
2024-05-26 18:05:59,16:05:57,-1000.00,11.54,4.53,0.00
2024-05-26 18:06:01,16:05:59,-1000.00,11.54,4.53,0.00
2024-05-26 18:06:02,16:06:01,-1000.00,11.54,4.53,0.00
2024-05-26 18:06:04,16:06:02,-1000.00,11.54,4.53,0.00
2024-05-26 18:06:06,16:06:04,-1000.00,11.54,4.53,0.00
2024-05-26 18:06:07,16:06:06,-1000.00,11.54,4.53,0.00
2024-05-26 18:06:09,16:06:07,-1000.00,11.54,4.53,0.00
2024-05-26 18:06:11,16:06:10,-1000.00,11.54,4.53,0.00
2024-05-26 18:06:13,16:06:12,-1000.00,11.54,4.53,0.00
2024-05-26 18:06:15,16:06:13,-1000.00,11.54,4.53,0.00
2024-05-26 18:06:16,16:06:15,-1000.00,11.54,4.53,0.00
2024-05-26 18:06:18,16:06:17,-1000.00,11.54,4.53,0.00
2024-05-26 18:06:41,16:06:37,-1000.00,11.54,4.53,0.00
2024-05-26 18:06:42,16:06:41,-1000.00,11.54,4.53,0.00
2024-05-26 18:06:44,16:06:43,-1000.00,11.54,4.53,0.00
2024-05-26 18:06:46,16:06:44,-1000.00,11.54,4.53,0.00
2024-05-26 18:06:49,16:06:48,-1000.00,11.54,4.53,0.00
2024-05-26 18:06:52,16:06:51,-1000.00,11.54,4.53,0.00
2024-05-26 18:06:54,16:06:53,-1000.00,11.54,4.52,0.00
2024-05-26 18:06:56,16:06:54,-1000.00,11.54,4.53,0.00
2024-05-26 18:06:57,16:06:56,-1000.00,11.54,4.53,0.00
2024-05-26 18:06:59,16:06:58,-1000.00,11.54,4.53,0.00
2024-05-26 18:07:01,16:06:59,-1000.00,11.54,4.53,0.00
2024-05-26 18:07:02,16:07:01,-1000.00,11.57,4.53,0.00
2024-05-26 18:07:04,16:07:03,-1000.00,11.54,4.53,0.00
2024-05-26 18:07:06,16:07:04,-1000.00,11.54,4.53,0.00
2024-05-26 18:07:07,16:07:06,-1000.00,11.54,4.52,0.00
2024-05-26 18:07:09,16:07:08,-1000.00,11.54,4.52,0.00
2024-05-26 18:07:11,16:07:10,-1000.00,11.54,4.52,0.00
2024-05-26 18:07:13,16:07:12,-1000.00,11.54,4.52,0.00
2024-05-26 18:07:15,16:07:13,-1000.00,11.54,4.52,0.00
2024-05-26 18:07:29,16:07:27,-1000.00,11.54,4.52,0.00
2024-05-26 18:07:30,16:07:29,-1000.00,11.54,4.52,0.00
2024-05-26 18:07:32,16:07:31,-1000.00,11.54,4.52,0.00
2024-05-26 18:07:34,16:07:32,-1000.00,11.54,4.52,0.00
2024-05-26 18:07:35,16:07:34,-1000.00,11.54,4.52,0.00
2024-05-26 18:07:37,16:07:36,-1000.00,11.54,4.52,0.00
2024-05-26 18:07:40,16:07:39,-1000.00,11.54,4.52,0.00
2024-05-26 18:07:42,16:07:41,-1000.00,11.54,4.52,0.00
2024-05-26 18:07:44,16:07:42,-1000.00,11.52,4.52,0.00
2024-05-26 18:07:45,16:07:44,-1000.00,11.54,4.52,0.00
2024-05-26 18:07:47,16:07:45,-1000.00,11.54,4.52,0.00
2024-05-26 18:07:48,16:07:47,-1000.00,11.54,4.52,0.00
2024-05-26 18:07:50,16:07:49,-1000.00,11.54,4.52,0.00
2024-05-26 18:07:52,16:07:50,-1000.00,11.54,4.52,0.00
2024-05-26 18:07:54,16:07:52,-1000.00,11.54,4.52,0.00
2024-05-26 18:07:55,16:07:54,-1000.00,11.54,4.52,0.00
2024-05-26 18:07:57,16:07:56,-1000.00,11.54,4.52,0.00
2024-05-26 18:07:59,16:07:57,-1000.00,11.54,4.52,0.00
2024-05-26 18:08:00,16:07:59,-1000.00,11.54,4.52,0.00
2024-05-26 18:08:14,16:08:13,-1000.00,11.54,4.52,0.00
2024-05-26 18:08:16,16:08:14,-1000.00,11.54,4.52,0.00
2024-05-26 18:08:17,16:08:16,-1000.00,11.54,4.52,0.00
2024-05-26 18:08:19,16:08:18,-1000.00,11.54,4.52,0.00
2024-05-26 18:08:22,16:08:21,-1000.00,11.54,4.52,0.00
2024-05-26 18:08:24,16:08:23,-1000.00,11.54,4.52,0.00
2024-05-26 18:08:26,16:08:24,-1000.00,11.54,4.52,0.00
2024-05-26 18:08:27,16:08:26,-1000.00,11.54,4.52,0.00
2024-05-26 18:08:29,16:08:28,-1000.00,11.54,4.52,0.00
2024-05-26 18:08:31,16:08:29,-1000.00,11.54,4.52,0.00
2024-05-26 18:08:32,16:08:32,-1000.00,11.54,4.52,0.00
2024-05-26 18:08:34,16:08:33,-1000.00,11.54,4.52,0.00
2024-05-26 18:08:36,16:08:35,-1000.00,11.54,4.52,0.00
2024-05-26 18:08:37,16:08:37,-1000.00,11.54,4.52,0.00
2024-05-26 18:08:39,16:08:38,-1000.00,11.54,4.52,0.00
2024-05-26 18:08:41,16:08:40,-1000.00,11.54,4.52,0.00
2024-05-26 18:08:42,16:08:41,-1000.00,11.54,4.52,0.00
2024-05-26 18:09:07,16:09:04,-1000.00,11.54,4.52,0.00
2024-05-26 18:09:09,16:09:08,-1000.00,11.54,4.52,0.00
2024-05-26 18:09:11,16:09:10,-1000.00,11.54,4.52,0.00
2024-05-26 18:09:13,16:09:12,-1000.00,11.54,4.52,0.00
2024-05-26 18:09:16,16:09:15,-1000.00,11.57,4.53,0.00
2024-05-26 18:09:22,16:09:19,-1000.00,11.54,4.53,0.00
2024-05-26 18:09:24,16:08:43,-1000.00,11.54,4.52,0.00
2024-05-26 18:09:27,16:09:26,-1000.00,11.54,4.53,0.00
2024-05-26 18:09:28,16:09:28,-1000.00,11.54,4.52,0.00
2024-05-26 18:09:30,16:09:29,-1000.00,11.54,4.52,0.00
2024-05-26 18:09:32,16:09:31,-1000.00,11.54,4.52,0.00
2024-05-26 18:09:33,16:09:33,-1000.00,11.54,4.52,0.00
2024-05-26 18:09:35,16:09:35,-1000.00,11.54,4.52,0.00
2024-05-26 18:09:37,16:09:36,-1000.00,11.54,4.52,0.00
2024-05-26 18:09:39,16:09:38,-1000.00,11.54,4.52,0.00
2024-05-26 18:09:40,16:09:40,-1000.00,11.54,4.51,0.00
2024-05-26 18:09:42,16:09:41,-1000.00,11.54,4.52,0.00
2024-05-26 18:09:45,16:09:43,-1000.00,11.54,4.51,0.00
2024-05-26 18:09:48,16:09:46,-1000.00,11.54,4.51,0.00
2024-05-26 18:09:59,16:09:55,-1000.00,11.54,4.51,0.00
2024-05-26 18:10:10,16:10:06,-1000.00,11.54,4.51,0.00
2024-05-26 18:10:12,16:10:11,-1000.00,11.54,4.52,0.00
2024-05-26 18:10:14,16:10:13,-1000.00,11.54,4.52,0.00
2024-05-26 18:10:15,16:10:15,-1000.00,11.54,4.52,0.00
2024-05-26 18:10:50,16:10:47,-1000.00,11.54,4.53,0.00
2024-05-26 18:10:52,16:10:51,-1000.00,11.54,4.53,0.00
2024-05-26 18:10:56,16:10:55,-1000.00,11.54,4.53,0.00
2024-05-26 18:10:57,16:10:56,-1000.00,11.54,4.53,0.00
2024-05-26 18:10:59,16:10:58,-1000.00,11.54,4.53,0.00
2024-05-26 18:11:02,16:11:02,-1000.00,11.54,4.54,0.00
2024-05-26 18:11:04,16:11:03,-1000.00,11.54,4.54,0.00
2024-05-26 18:11:06,16:11:05,-1000.00,11.54,4.54,0.00
2024-05-26 18:11:07,16:11:07,-1000.00,11.54,4.54,0.00
2024-05-26 18:11:09,16:11:08,-1000.00,11.54,4.54,0.00
2024-05-26 18:11:11,16:11:10,-1000.00,11.54,4.54,0.00
2024-05-26 18:11:13,16:11:12,-1000.00,11.54,4.54,0.00
2024-05-26 18:11:15,16:11:14,-1000.00,11.54,4.54,0.00
2024-05-26 18:11:16,16:11:15,-1000.00,11.54,4.54,0.00
2024-05-26 18:11:18,16:11:17,-1000.00,11.54,4.54,0.00
2024-05-26 18:11:20,16:11:19,-1000.00,11.54,4.54,0.00
2024-05-26 18:11:21,16:11:20,-1000.00,11.54,4.54,0.00
2024-05-26 18:11:23,16:11:22,-1000.00,11.54,4.54,0.00
2024-05-26 18:12:02,16:11:24,-1000.00,11.54,4.54,0.00
2024-05-26 18:12:04,16:12:03,-1000.00,11.54,4.53,0.00
2024-05-26 18:12:05,16:12:04,-1000.00,11.54,4.54,0.00
2024-05-26 18:12:07,16:12:06,-1000.00,11.54,4.54,0.00
2024-05-26 18:12:09,16:12:08,-1000.00,11.54,4.54,0.00
2024-05-26 18:12:11,16:12:09,-1000.00,11.54,4.54,0.00
2024-05-26 18:12:14,16:12:13,-1000.00,11.54,4.52,0.00
2024-05-26 18:12:16,16:12:15,-1000.00,11.54,4.52,0.00
2024-05-26 18:12:18,16:12:17,-1000.00,11.54,4.52,0.00
2024-05-26 18:12:19,16:12:19,-1000.00,11.54,4.53,0.00
2024-05-26 18:12:21,16:12:20,-1000.00,11.57,4.52,0.00
2024-05-26 18:12:23,16:12:22,-1000.00,11.54,4.53,0.00
2024-05-26 18:12:24,16:12:23,-1000.00,11.57,4.53,0.00
2024-05-26 18:12:26,16:12:25,-1000.00,11.54,4.52,0.00
2024-05-26 18:12:28,16:12:27,-1000.00,11.54,4.53,0.00
2024-05-26 18:13:07,16:12:28,-1000.00,11.54,4.53,0.00
2024-05-26 18:13:09,16:13:08,-1000.00,11.54,4.53,0.00
2024-05-26 18:13:10,16:13:09,-1000.00,11.54,4.53,0.00
2024-05-26 18:13:12,16:13:11,-1000.00,11.54,4.53,0.00
2024-05-26 18:13:14,16:13:13,-1000.00,11.54,4.53,0.00
2024-05-26 18:13:16,16:13:15,-1000.00,11.54,4.53,0.00
2024-05-26 18:13:17,16:13:17,-1000.00,11.54,4.53,0.00
2024-05-26 18:13:21,16:13:20,-1000.00,11.57,4.54,0.00
2024-05-26 18:13:22,16:13:21,-1000.00,11.54,4.54,0.00
2024-05-26 18:13:24,16:13:23,-1000.00,11.54,4.54,0.00
2024-05-26 18:13:26,16:13:25,-1000.00,11.54,4.54,0.00
2024-05-26 18:13:48,16:13:45,-1000.00,11.57,4.54,0.00
2024-05-26 18:14:10,16:13:55,-1000.00,11.57,4.54,0.00
2024-05-26 18:14:14,16:14:13,-1000.00,11.57,4.53,0.00
2024-05-26 18:14:15,16:14:15,-1000.00,11.57,4.53,0.00
2024-05-26 18:14:30,16:14:29,-1000.00,11.57,4.53,0.00
2024-05-26 18:14:31,16:14:31,-1000.00,11.57,4.53,0.00
2024-05-26 18:14:35,16:14:34,-1000.00,11.54,4.53,0.00
2024-05-26 18:14:36,16:14:36,-1000.00,11.54,4.53,0.00
2024-05-26 18:14:40,16:14:39,-1000.00,11.54,4.53,0.00
2024-05-26 18:14:41,16:14:41,-1000.00,11.54,4.53,0.00
2024-05-26 18:14:43,16:14:42,-1000.00,11.57,4.53,0.00
2024-05-26 18:14:45,16:14:44,-1000.00,11.54,4.53,0.00
2024-05-26 18:14:47,16:14:46,-1000.00,11.54,4.53,0.00
2024-05-26 18:14:49,16:14:48,-1000.00,11.54,4.53,0.00
2024-05-26 18:14:50,16:14:49,-1000.00,11.54,4.53,0.00
2024-05-26 18:14:53,16:14:51,-1000.00,11.54,4.53,0.00
2024-05-26 18:14:56,16:14:54,-1000.00,11.54,4.53,0.00
2024-05-26 18:14:58,16:14:57,-1000.00,11.57,4.53,0.00
2024-05-26 18:15:00,16:14:59,-1000.00,11.54,4.53,0.00
2024-05-26 18:15:02,16:15:01,-1000.00,11.54,4.53,0.00
2024-05-26 18:16:51,16:16:50,-1000.00,11.54,4.53,0.00
2024-05-26 18:16:52,16:16:51,-1000.00,11.54,4.53,0.00
2024-05-26 18:16:56,16:16:55,-1000.00,11.52,4.53,0.00
2024-05-26 18:16:59,16:16:58,-1000.00,11.57,4.52,0.00
2024-05-26 18:17:00,16:17:00,-1000.00,11.57,4.54,0.00
2024-05-26 18:17:02,16:17:01,-1000.00,11.54,4.54,0.00
2024-05-26 18:17:04,16:17:03,-1000.00,11.54,4.54,0.00
2024-05-26 18:17:05,16:17:05,-1000.00,11.54,4.54,0.00
2024-05-26 18:17:07,16:17:06,-1000.00,11.54,4.54,0.00
2024-05-26 18:17:09,16:17:08,-1000.00,11.57,4.54,0.00
2024-05-26 18:17:11,16:17:10,-1000.00,11.57,4.53,0.00
2024-05-26 18:17:50,16:17:11,-1000.00,11.57,4.53,0.00
2024-05-26 18:17:52,16:17:51,-1000.00,11.54,4.53,0.00
2024-05-26 18:17:53,16:17:52,-1000.00,11.57,4.54,0.00
2024-05-26 18:17:55,16:17:54,-1000.00,11.54,4.54,0.00
2024-05-26 18:17:57,16:17:56,-1000.00,11.57,4.54,0.00
2024-05-26 18:17:58,16:17:57,-1000.00,11.57,4.54,0.00
2024-05-26 18:18:02,16:18:01,-1000.00,11.57,4.54,0.00
2024-05-26 18:18:03,16:18:02,-1000.00,11.54,4.54,0.00
2024-05-26 18:18:05,16:18:04,-1000.00,11.57,4.54,0.00
2024-05-26 18:18:06,16:18:06,-1000.00,11.54,4.54,0.00
2024-05-26 18:18:08,16:18:07,-1000.00,11.54,4.54,0.00
2024-05-26 18:18:10,16:18:09,-1000.00,11.54,4.54,0.00
2024-05-26 18:18:12,16:18:11,-1000.00,11.57,4.54,0.00
2024-05-26 18:18:14,16:18:13,-1000.00,11.54,4.54,0.00
2024-05-26 18:18:15,16:18:14,-1000.00,11.54,4.54,0.00
2024-05-26 18:18:17,16:18:16,-1000.00,11.57,4.54,0.00
2024-05-26 18:18:28,16:18:18,-1000.00,11.57,4.54,0.00
2024-05-26 18:18:29,16:18:28,-1000.00,11.57,4.54,0.00
2024-05-26 18:18:31,16:18:30,-1000.00,11.54,4.54,0.00
2024-05-26 18:18:33,16:18:32,-1000.00,11.54,4.55,0.00
2024-05-26 18:18:34,16:18:33,-1000.00,11.57,4.54,0.00
2024-05-26 18:18:36,16:18:35,-1000.00,11.54,4.54,0.00
2024-05-26 18:18:39,16:18:38,-1000.00,11.54,4.54,0.00
2024-05-26 18:18:41,16:18:40,-1000.00,11.54,4.54,0.00
2024-05-26 18:18:43,16:18:42,-1000.00,11.54,4.54,0.00
2024-05-26 18:18:45,16:18:44,-1000.00,11.54,4.54,0.00
2024-05-26 18:18:47,16:18:46,-1000.00,11.54,4.54,0.00
2024-05-26 18:18:48,16:18:48,-1000.00,11.52,4.54,0.00
2024-05-26 18:18:50,16:18:49,-1000.00,11.57,4.54,0.00
2024-05-26 18:18:52,16:18:51,-1000.00,11.54,4.54,0.00
2024-05-26 18:18:54,16:18:52,-1000.00,11.54,4.54,0.00
2024-05-26 18:18:55,16:18:54,-1000.00,11.54,4.54,0.00
2024-05-26 18:18:57,16:18:56,-1000.00,11.57,4.54,0.00
2024-05-26 18:18:59,16:18:57,-1000.00,11.54,4.54,0.00
2024-05-26 18:19:00,16:18:59,-1000.00,11.54,4.54,0.00
2024-05-26 18:19:02,16:19:01,-1000.00,11.57,4.54,0.00
2024-05-26 18:19:46,16:19:45,-1000.00,11.54,4.53,0.00
2024-05-26 18:19:48,16:19:46,-1000.00,11.54,4.54,0.00
2024-05-26 18:19:51,16:19:50,-1000.00,11.57,4.54,0.00
2024-05-26 18:19:54,16:19:53,-1000.00,11.57,4.53,0.00
2024-05-26 18:19:58,16:19:57,-1000.00,11.57,4.53,0.00
2024-05-26 18:19:59,16:19:58,-1000.00,11.57,4.53,0.00
2024-05-26 18:20:01,16:20:00,-1000.00,11.54,4.53,0.00
2024-05-26 18:20:03,16:20:02,-1000.00,11.54,4.54,0.00
2024-05-26 18:20:04,16:20:03,-1000.00,11.57,4.54,0.00
2024-05-26 18:20:06,16:20:05,-1000.00,11.54,4.54,0.00
2024-05-26 18:20:08,16:20:07,-1000.00,11.54,4.54,0.00
2024-05-26 18:20:09,16:20:08,-1000.00,11.57,4.55,0.00
2024-05-26 18:20:11,16:20:10,-1000.00,11.54,4.55,0.00
2024-05-26 18:20:13,16:20:12,-1000.00,11.57,4.55,0.00
2024-05-26 18:20:15,16:20:14,-1000.00,11.57,4.55,0.00
2024-05-26 18:20:17,16:20:16,-1000.00,11.54,4.55,0.00
2024-05-26 18:20:18,16:20:17,-1000.00,11.57,4.55,0.00
2024-05-26 18:20:20,16:20:19,-1000.00,11.57,4.55,0.00
2024-05-26 18:20:31,16:20:27,-1000.00,11.57,4.55,0.00
2024-05-26 18:20:32,16:20:31,-1000.00,11.57,4.55,0.00
2024-05-26 18:20:34,16:20:33,-1000.00,11.54,4.55,0.00
2024-05-26 18:20:35,16:20:34,-1000.00,11.54,4.55,0.00
2024-05-26 18:20:37,16:20:36,-1000.00,11.57,4.55,0.00
2024-05-26 18:20:39,16:20:38,-1000.00,11.54,4.55,0.00
2024-05-26 18:20:40,16:20:39,-1000.00,11.54,4.54,0.00
2024-05-26 18:20:42,16:20:41,-1000.00,11.57,4.55,0.00
2024-05-26 18:20:44,16:20:43,-1000.00,11.54,4.55,0.00
2024-05-26 18:20:45,16:20:44,-1000.00,11.54,4.55,0.00
2024-05-26 18:20:47,16:20:46,-1000.00,11.57,4.55,0.00
2024-05-26 18:20:49,16:20:48,-1000.00,11.54,4.55,0.00
2024-05-26 18:20:50,16:20:49,-1000.00,11.54,4.54,0.00
2024-05-26 18:20:52,16:20:51,-1000.00,11.57,4.54,0.00
2024-05-26 18:20:54,16:20:53,-1000.00,11.54,4.55,0.00
2024-05-26 18:20:56,16:20:54,-1000.00,11.54,4.55,0.00
2024-05-26 18:20:57,16:20:56,-1000.00,11.54,4.55,0.00
2024-05-26 18:20:59,16:20:58,-1000.00,11.57,4.54,0.00
2024-05-26 18:21:01,16:20:59,-1000.00,11.57,4.55,0.00
2024-05-26 18:21:02,16:21:01,-1000.00,11.54,4.54,0.00
2024-05-26 18:21:04,16:21:03,-1000.00,11.54,4.55,0.00
2024-05-26 18:21:06,16:21:04,-1000.00,11.57,4.54,0.00
2024-05-26 18:21:13,16:21:12,-1000.00,11.57,4.54,0.00
2024-05-26 18:21:15,16:21:14,-1000.00,11.57,4.54,0.00
2024-05-26 18:21:17,16:21:15,-1000.00,11.57,4.54,0.00
2024-05-26 18:21:33,16:21:29,-1000.00,11.54,4.54,0.00
2024-05-26 18:21:35,16:21:34,-1000.00,11.54,4.54,0.00
2024-05-26 18:21:37,16:21:35,-1000.00,11.54,4.54,0.00
2024-05-26 18:21:38,16:21:37,-1000.00,11.54,4.54,0.00
2024-05-26 18:21:41,16:21:40,-1000.00,11.57,4.54,0.00
2024-05-26 18:21:43,16:21:42,-1000.00,11.57,4.54,0.00
2024-05-26 18:21:45,16:21:44,-1000.00,11.57,4.53,0.00
2024-05-26 18:21:46,16:21:45,-1000.00,11.54,4.53,0.00
2024-05-26 18:21:48,16:21:47,-1000.00,11.54,4.53,0.00
2024-05-26 18:21:50,16:21:49,-1000.00,11.54,4.53,0.00
2024-05-26 18:21:51,16:21:50,-1000.00,11.54,4.53,0.00
2024-05-26 18:21:53,16:21:52,-1000.00,11.57,4.53,0.00
2024-05-26 18:21:55,16:21:54,-1000.00,11.54,4.53,0.00
2024-05-26 18:21:57,16:21:55,-1000.00,11.57,4.53,0.00
2024-05-26 18:21:58,16:21:57,-1000.00,11.54,4.53,0.00
2024-05-26 18:22:00,16:21:59,-1000.00,11.54,4.53,0.00
2024-05-26 18:22:02,16:22:00,-1000.00,11.57,4.53,0.00
2024-05-26 18:22:03,16:22:02,-1000.00,11.57,4.53,0.00
2024-05-26 18:22:05,16:22:04,-1000.00,11.57,4.52,0.00
2024-05-26 18:22:07,16:22:05,-1000.00,11.54,4.53,0.00
2024-05-26 18:22:17,16:22:07,-1000.00,11.57,4.52,0.00
2024-05-26 18:22:47,16:22:18,-1000.00,11.54,4.53,0.00
2024-05-26 18:22:49,16:22:47,-1000.00,11.57,4.53,0.00
2024-05-26 18:22:50,16:22:49,-1000.00,11.57,4.52,0.00
2024-05-26 18:22:52,16:22:51,-1000.00,11.57,4.53,0.00
2024-05-26 18:22:53,16:22:52,-1000.00,11.54,4.53,0.00
2024-05-26 18:22:57,16:22:56,-1000.00,11.54,4.53,0.00
2024-05-26 18:22:59,16:22:58,-1000.00,11.57,4.52,0.00
2024-05-26 18:23:00,16:23:00,-1000.00,11.57,4.52,0.00
2024-05-26 18:23:02,16:23:01,-1000.00,11.57,4.52,0.00
2024-05-26 18:23:04,16:23:03,-1000.00,11.54,4.52,0.00
2024-05-26 18:23:05,16:23:05,-1000.00,11.57,4.52,0.00
2024-05-26 18:23:07,16:23:06,-1000.00,11.54,4.52,0.00
2024-05-26 18:23:09,16:23:08,-1000.00,11.57,4.52,0.00
2024-05-26 18:23:10,16:23:10,-1000.00,11.57,4.52,0.00
2024-05-26 18:23:12,16:23:11,-1000.00,11.54,4.53,0.00
2024-05-26 18:23:14,16:23:13,-1000.00,11.57,4.52,0.00
2024-05-26 18:23:16,16:23:15,-1000.00,11.57,4.52,0.00
2024-05-26 18:23:17,16:23:17,-1000.00,11.57,4.52,0.00
2024-05-26 18:23:28,16:23:24,-1000.00,11.57,4.52,0.00
2024-05-26 18:23:39,16:23:35,-1000.00,11.57,4.52,0.00
2024-05-26 18:23:41,16:23:40,-1000.00,11.57,4.52,0.00
2024-05-26 18:23:43,16:23:42,-1000.00,11.54,4.53,0.00
2024-05-26 18:23:44,16:23:44,-1000.00,11.57,4.53,0.00
2024-05-26 18:23:46,16:23:45,-1000.00,11.54,4.53,0.00
2024-05-26 18:23:49,16:23:49,-1000.00,11.57,4.53,0.00
2024-05-26 18:23:53,16:23:52,-1000.00,11.57,4.53,0.00
2024-05-26 18:23:54,16:23:54,-1000.00,11.57,4.53,0.00
2024-05-26 18:23:56,16:23:55,-1000.00,11.54,4.53,0.00
2024-05-26 18:23:58,16:23:56,-1000.00,11.57,4.53,0.00
2024-05-26 18:23:59,16:23:58,-1000.00,11.54,4.54,0.00
2024-05-26 18:24:01,16:24:00,-1000.00,11.57,4.53,0.00
2024-05-26 18:24:03,16:24:01,-1000.00,11.54,4.53,0.00
2024-05-26 18:24:04,16:24:03,-1000.00,11.57,4.53,0.00
2024-05-26 18:24:06,16:24:05,-1000.00,11.57,4.53,0.00
2024-05-26 18:24:08,16:24:06,-1000.00,11.54,4.53,0.00
2024-05-26 18:24:10,16:24:08,-1000.00,11.57,4.53,0.00
2024-05-26 18:24:12,16:24:10,-1000.00,11.54,4.53,0.00
2024-05-26 18:24:13,16:24:12,-1000.00,11.54,4.53,0.00
2024-05-26 18:24:28,16:24:26,-1000.00,11.57,4.53,0.00
2024-05-26 18:25:07,16:24:29,-1000.00,11.54,4.53,0.00
2024-05-26 18:25:09,16:25:08,-1000.00,11.54,4.53,0.00
2024-05-26 18:25:11,16:25:09,-1000.00,11.57,4.53,0.00
2024-05-26 18:25:15,16:25:13,-1000.00,11.57,4.53,0.00
2024-05-26 18:25:19,16:25:18,-1000.00,11.57,4.52,0.00
2024-05-26 18:25:21,16:25:20,-1000.00,11.57,4.52,0.00
2024-05-26 18:25:23,16:25:22,-1000.00,11.57,4.52,0.00
2024-05-26 18:25:24,16:25:23,-1000.00,11.57,4.52,0.00
2024-05-26 18:25:26,16:25:25,-1000.00,11.57,4.52,0.00
2024-05-26 18:25:28,16:25:26,-1000.00,11.57,4.52,0.00
2024-05-26 18:26:04,16:25:28,-1000.00,11.57,4.52,0.00
2024-05-26 18:26:06,16:26:04,-1000.00,11.57,4.52,0.00
2024-05-26 18:26:07,16:26:06,-1000.00,11.57,4.52,0.00
2024-05-26 18:26:09,16:26:08,-1000.00,11.57,4.52,0.00
2024-05-26 18:26:16,16:26:09,-1000.00,11.57,4.52,0.00
2024-05-26 18:26:17,16:26:16,-1000.00,11.57,4.52,0.00
2024-05-26 18:26:21,16:26:19,-1000.00,11.54,4.52,0.00
2024-05-26 18:26:23,16:26:21,-1000.00,11.57,4.53,0.00
2024-05-26 18:27:34,16:27:31,-1000.00,11.57,4.52,0.00
2024-05-26 18:28:33,16:28:29,-1000.00,11.57,4.52,0.00
2024-05-26 18:28:43,16:28:39,-1000.00,11.57,4.51,0.00
2024-05-26 18:28:48,16:28:46,-1000.00,11.57,4.52,0.00
2024-05-26 18:29:52,16:29:51,-1000.00,11.57,4.52,0.00
2024-05-26 18:29:56,16:29:54,-1000.00,11.54,4.52,0.00
2024-05-26 18:29:59,16:29:57,-1000.00,11.57,4.52,0.00
2024-05-26 18:30:02,16:30:01,-1000.00,11.57,4.51,0.00
2024-05-26 18:30:04,16:30:02,-1000.00,11.57,4.51,0.00
2024-05-26 18:30:06,16:30:04,-1000.00,11.57,4.51,0.00
2024-05-26 18:30:07,16:30:06,-1000.00,11.57,4.51,0.00
2024-05-26 18:30:09,16:30:07,-1000.00,11.57,4.51,0.00
2024-05-26 18:30:11,16:30:09,-1000.00,11.57,4.51,0.00
2024-05-26 18:30:13,16:30:11,-1000.00,11.57,4.50,0.00
2024-05-26 18:30:15,16:30:13,-1000.00,11.57,4.51,0.00
2024-05-26 18:30:16,16:30:15,-1000.00,11.57,4.50,0.00
2024-05-26 18:30:18,16:30:16,-1000.00,11.57,4.50,0.00
2024-05-26 18:30:20,16:30:18,-1000.00,11.57,4.51,0.00
2024-05-26 18:30:21,16:30:20,-1000.00,11.57,4.51,0.00
2024-05-26 18:30:23,16:30:21,-1000.00,11.57,4.50,0.00
2024-05-26 18:30:42,16:30:23,-1000.00,11.57,4.51,0.00
2024-05-26 18:30:43,16:30:42,-1000.00,11.57,4.51,0.00
2024-05-26 18:30:45,16:30:43,-1000.00,11.57,4.51,0.00
2024-05-26 18:30:47,16:30:45,-1000.00,11.57,4.51,0.00
2024-05-26 18:30:48,16:30:47,-1000.00,11.57,4.51,0.00
2024-05-26 18:30:50,16:30:48,-1000.00,11.57,4.51,0.00
2024-05-26 18:30:52,16:30:50,-1000.00,11.57,4.51,0.00
2024-05-26 18:30:55,16:30:54,-1000.00,11.57,4.51,0.00
2024-05-26 18:30:57,16:30:56,-1000.00,11.57,4.51,0.00
2024-05-26 18:30:59,16:30:58,-1000.00,11.57,4.51,0.00
2024-05-26 18:31:00,16:30:59,-1000.00,11.57,4.51,0.00
2024-05-26 18:31:02,16:31:01,-1000.00,11.57,4.51,0.00
2024-05-26 18:31:03,16:31:03,-1000.00,11.57,4.51,0.00
2024-05-26 18:31:05,16:31:04,-1000.00,11.57,4.51,0.00
2024-05-26 18:31:07,16:31:06,-1000.00,11.57,4.50,0.00
2024-05-26 18:31:46,16:31:08,-1000.00,11.57,4.51,0.00
2024-05-26 18:31:47,16:31:47,-1000.00,11.57,4.51,0.00
2024-05-26 18:31:49,16:31:48,-1000.00,11.57,4.51,0.00
2024-05-26 18:31:51,16:31:50,-1000.00,11.57,4.50,0.00
2024-05-26 18:31:52,16:31:52,-1000.00,11.57,4.50,0.00
2024-05-26 18:31:54,16:31:53,-1000.00,11.57,4.50,0.00
2024-05-26 18:31:57,16:31:56,-1000.00,11.57,4.51,0.00
2024-05-26 18:31:59,16:31:58,-1000.00,11.54,4.51,0.00
2024-05-26 18:32:01,16:31:59,-1000.00,11.57,4.51,0.00
2024-05-26 18:32:02,16:32:01,-1000.00,11.57,4.51,0.00
2024-05-26 18:32:04,16:32:03,-1000.00,11.57,4.51,0.00
2024-05-26 18:32:06,16:32:04,-1000.00,11.57,4.50,0.00
2024-05-26 18:32:07,16:32:06,-1000.00,11.57,4.50,0.00
2024-05-26 18:32:09,16:32:08,-1000.00,11.57,4.50,0.00
2024-05-26 18:32:11,16:32:09,-1000.00,11.57,4.50,0.00
2024-05-26 18:32:13,16:32:11,-1000.00,11.57,4.50,0.00
2024-05-26 18:32:15,16:32:13,-1000.00,11.57,4.50,0.00
2024-05-26 18:32:37,16:32:33,-1000.00,11.54,4.50,0.00
2024-05-26 18:32:39,16:32:37,-1000.00,11.57,4.50,0.00
2024-05-26 18:32:41,16:32:39,-1000.00,11.57,4.50,0.00
2024-05-26 18:32:42,16:32:41,-1000.00,11.57,4.51,0.00
2024-05-26 18:32:44,16:32:42,-1000.00,11.57,4.51,0.00
2024-05-26 18:32:47,16:32:46,-1000.00,11.57,4.51,0.00
2024-05-26 18:32:49,16:32:47,-1000.00,11.57,4.51,0.00
2024-05-26 18:32:50,16:32:49,-1000.00,11.57,4.51,0.00
2024-05-26 18:32:52,16:32:51,-1000.00,11.57,4.51,0.00
2024-05-26 18:32:54,16:32:52,-1000.00,11.57,4.51,0.00
2024-05-26 18:32:56,16:32:55,-1000.00,11.57,4.51,0.00
2024-05-26 18:32:57,16:32:56,-1000.00,11.57,4.51,0.00
2024-05-26 18:32:59,16:32:58,-1000.00,11.57,4.51,0.00
2024-05-26 18:33:01,16:33:00,-1000.00,11.57,4.51,0.00
2024-05-26 18:33:02,16:33:01,-1000.00,11.57,4.51,0.00
2024-05-26 18:33:04,16:33:03,-1000.00,11.57,4.51,0.00
2024-05-26 18:33:06,16:33:05,-1000.00,11.57,4.51,0.00
2024-05-26 18:33:07,16:33:06,-1000.00,11.57,4.51,0.00
2024-05-26 18:33:09,16:33:08,-1000.00,11.57,4.51,0.00
2024-05-26 18:33:11,16:33:10,-1000.00,11.57,4.51,0.00
2024-05-26 18:33:13,16:33:12,-1000.00,11.54,4.51,0.00
2024-05-26 18:33:16,16:33:13,-1000.00,11.57,4.51,0.00
2024-05-26 18:33:39,16:33:17,-1000.00,11.57,4.51,0.00
2024-05-26 18:33:41,16:33:40,-1000.00,11.57,4.51,0.00
2024-05-26 18:33:43,16:33:42,-1000.00,11.57,4.51,0.00
2024-05-26 18:33:44,16:33:43,-1000.00,11.57,4.51,0.00
2024-05-26 18:33:46,16:33:45,-1000.00,11.57,4.51,0.00
2024-05-26 18:33:47,16:33:47,-1000.00,11.57,4.51,0.00
